Time,Amplitude,Label
0.0,-1.4734879504447802,Noisy
0.001,-0.07045677027979447,Noisy
0.002,-1.0084913188555344,Noisy
0.003,1.3959299012038204,Noisy
0.004,0.2819922962745346,Noisy
0.005,0.925867863683524,Noisy
0.006,0.257478452801195,Noisy
0.007,0.3081034994380867,Noisy
0.008,0.014296741260847012,Noisy
0.009,0.54483644087403,Noisy
0.01,-0.6636930831425026,Noisy
0.011,0.3115841764127764,Noisy
0.012,1.2338878636999047,Noisy
0.013,0.6497483742290356,Noisy
0.014,0.42234430332774875,Noisy
0.015,2.1539915577867634,Noisy
0.016,-0.014842521561122757,Noisy
0.017,0.3415355280828022,Noisy
0.018,1.7354093253373963,Noisy
0.019,1.0664646643182913,Noisy
0.02,1.7804237192433707,Noisy
0.021,0.178956964620133,Noisy
0.022,0.5444626304062137,Noisy
0.023,0.034058779232267966,Noisy
0.024,1.604957079571995,Noisy
0.025,1.0077144768870252,Noisy
0.026,2.484471704358699,Noisy
0.027,1.2377533552001059,Noisy
0.028,2.0553262997478257,Noisy
0.029,0.867241975281148,Noisy
0.03,1.2741476508042457,Noisy
0.031,1.0209695910936163,Noisy
0.032,1.7620025991744717,Noisy
0.033,2.430428120792056,Noisy
0.034,2.8618663732965848,Noisy
0.035,2.875559121260814,Noisy
0.036,2.4941011223309983,Noisy
0.037,2.0885179311238935,Noisy
0.038,0.8772560914941163,Noisy
0.039,2.2748178943057002,Noisy
0.04,2.193517858355111,Noisy
0.041,1.359541915556562,Noisy
0.042,2.39096216867504,Noisy
0.043,2.6338748238490717,Noisy
0.044,3.0537707455864647,Noisy
0.045,2.8865804005578135,Noisy
0.046,2.6981823464140744,Noisy
0.047,3.1456993714172246,Noisy
0.048,2.876067578600079,Noisy
0.049,3.9768560246035625,Noisy
0.05,3.788040594454937,Noisy
0.051,1.8865680638089695,Noisy
0.052,3.009045608241622,Noisy
0.053,3.3060373571125,Noisy
0.054,3.791447383036795,Noisy
0.055,3.014448848912263,Noisy
0.056,4.726963730475626,Noisy
0.057,3.306430278888305,Noisy
0.058,4.316762522008409,Noisy
0.059,3.6606548085693187,Noisy
0.06,2.5931631379886455,Noisy
0.061,3.878249334221769,Noisy
0.062,3.825932956121373,Noisy
0.063,4.3173940977167415,Noisy
0.064,3.424973993426475,Noisy
0.065,4.813378981549884,Noisy
0.066,4.0773230541201375,Noisy
0.067,4.30538182388973,Noisy
0.068,2.6324841928001366,Noisy
0.069,4.9737051290647205,Noisy
0.07,4.327224137834763,Noisy
0.071,4.280695391559188,Noisy
0.072,4.12452516635778,Noisy
0.073,2.969587448812982,Noisy
0.074,4.107439357155732,Noisy
0.075,4.8049085047050095,Noisy
0.076,4.046798385792185,Noisy
0.077,3.7043137402258948,Noisy
0.078,2.8831680254619902,Noisy
0.079,4.496956298628099,Noisy
0.08,3.4434567601891395,Noisy
0.081,5.761394758244393,Noisy
0.082,4.761864237465029,Noisy
0.083,4.073559162648867,Noisy
0.084,5.668935853869003,Noisy
0.085,5.371488852765784,Noisy
0.086,5.056362909213161,Noisy
0.087,6.28748960052282,Noisy
0.088,6.282108425184441,Noisy
0.089,5.353511009174258,Noisy
0.09,5.074843745876473,Noisy
0.091,5.170318201819906,Noisy
0.092,5.480122425538585,Noisy
0.093,6.104973417415271,Noisy
0.094,5.278393691415209,Noisy
0.095,6.199151303350903,Noisy
0.096,5.0768829030413105,Noisy
0.097,6.09500727216913,Noisy
0.098,5.530487001872302,Noisy
0.099,6.466000588829145,Noisy
0.1,6.147037401058515,Noisy
0.101,6.8755880518274015,Noisy
0.102,6.673818991523655,Noisy
0.103,5.621106563661722,Noisy
0.104,6.566038698395462,Noisy
0.105,7.302203098459583,Noisy
0.106,5.899052265035925,Noisy
0.107,5.909439332679304,Noisy
0.108,5.827732546146187,Noisy
0.109,7.879621424584125,Noisy
0.11,7.665184380050857,Noisy
0.111,6.3365676665626856,Noisy
0.112,6.612721704303443,Noisy
0.113,6.996377798613971,Noisy
0.114,7.5477404863163455,Noisy
0.115,6.711066616575095,Noisy
0.116,6.129318775212841,Noisy
0.117,7.679186032764693,Noisy
0.118,7.08617175789689,Noisy
0.119,6.963882767721085,Noisy
0.12,7.5066007347053585,Noisy
0.121,6.730738693324365,Noisy
0.122,7.165598286127908,Noisy
0.123,7.565870127673285,Noisy
0.124,7.4122446156025195,Noisy
0.125,6.829346909494727,Noisy
0.126,7.1827797592867695,Noisy
0.127,6.969958198766734,Noisy
0.128,5.822443254683781,Noisy
0.129,7.9908323150999925,Noisy
0.13,6.396079984741489,Noisy
0.131,8.20401579516501,Noisy
0.132,7.064037395157282,Noisy
0.133,7.830374065550062,Noisy
0.134,8.265391951137197,Noisy
0.135,8.486383602346237,Noisy
0.136,6.414735557762566,Noisy
0.137,9.956323703114451,Noisy
0.138,6.150755864939735,Noisy
0.139,6.5620172937518415,Noisy
0.14,6.492814215704452,Noisy
0.141,7.355789206272502,Noisy
0.142,7.1933294225059825,Noisy
0.143,8.401762736912596,Noisy
0.144,9.580110975253513,Noisy
0.145,8.1377955601278,Noisy
0.146,7.129396942213099,Noisy
0.147,7.609093950249832,Noisy
0.148,6.226884910098533,Noisy
0.149,8.464516521998368,Noisy
0.15,7.663650984177527,Noisy
0.151,9.457558118418373,Noisy
0.152,7.01029920491237,Noisy
0.153,10.032541954039957,Noisy
0.154,9.15060031756162,Noisy
0.155,7.905815086923105,Noisy
0.156,8.448193432119293,Noisy
0.157,9.687915373971068,Noisy
0.158,8.100190903711278,Noisy
0.159,8.288493887795427,Noisy
0.16,9.542480898887822,Noisy
0.161,9.954380661036431,Noisy
0.162,8.836555793275837,Noisy
0.163,7.789265926874084,Noisy
0.164,8.723814438776191,Noisy
0.165,7.533659370073319,Noisy
0.166,9.561105199853369,Noisy
0.167,7.936415944557059,Noisy
0.168,9.4015139972789,Noisy
0.169,8.55709567083371,Noisy
0.17,8.00376726202601,Noisy
0.171,7.6386578342999485,Noisy
0.172,8.873900523939263,Noisy
0.173,9.781944740970971,Noisy
0.174,9.76321910453924,Noisy
0.175,9.202902370876712,Noisy
0.176,8.984109850766338,Noisy
0.177,9.115176427916033,Noisy
0.178,9.0817646685559,Noisy
0.179,8.362914397640791,Noisy
0.18,9.816940176904343,Noisy
0.181,9.006680097523292,Noisy
0.182,9.652689763161309,Noisy
0.183,9.267291706179629,Noisy
0.184,10.459455741988513,Noisy
0.185,8.220768331635186,Noisy
0.186,8.926285079434876,Noisy
0.187,9.421685966555483,Noisy
0.188,10.473679837814203,Noisy
0.189,8.269362941553535,Noisy
0.19,9.053079885691295,Noisy
0.191,8.241690826805902,Noisy
0.192,10.155697718837063,Noisy
0.193,10.142635351515324,Noisy
0.194,9.314534209371901,Noisy
0.195,8.729293739346145,Noisy
0.196,9.546893836885486,Noisy
0.197,8.429829541219018,Noisy
0.198,10.186252414895703,Noisy
0.199,9.676833418831801,Noisy
0.2,9.652977267954421,Noisy
0.201,9.767702240130138,Noisy
0.202,8.740859315664418,Noisy
0.203,10.781582409595636,Noisy
0.204,10.034740338209609,Noisy
0.205,9.440600997448374,Noisy
0.206,9.200038835755263,Noisy
0.207,10.839593535178278,Noisy
0.208,10.098493874979503,Noisy
0.209,9.957937177508033,Noisy
0.21,10.078087567704818,Noisy
0.211,11.146517848526239,Noisy
0.212,10.255886918465873,Noisy
0.213,10.494403119216502,Noisy
0.214,9.183144569516129,Noisy
0.215,10.387958073682327,Noisy
0.216,9.769962311520311,Noisy
0.217,10.044110598197413,Noisy
0.218,8.63047049551,Noisy
0.219,9.508132819946068,Noisy
0.22,8.421397523955985,Noisy
0.221,10.228918231714166,Noisy
0.222,10.178222895387288,Noisy
0.223,9.11251463577318,Noisy
0.224,9.423986566604807,Noisy
0.225,10.87799243716019,Noisy
0.226,8.492127018432294,Noisy
0.227,10.483283872267334,Noisy
0.228,10.092408438761453,Noisy
0.229,10.067399048318984,Noisy
0.23,11.079669319128339,Noisy
0.231,10.692645080859226,Noisy
0.232,10.384816972565563,Noisy
0.233,11.09450253084697,Noisy
0.234,11.548010625879254,Noisy
0.235,9.555861147198478,Noisy
0.236,10.235512478054194,Noisy
0.237,9.834687648369165,Noisy
0.238,10.24989325855356,Noisy
0.239,10.092385199395641,Noisy
0.24,11.514774486430833,Noisy
0.241,9.786078073503084,Noisy
0.242,9.043164370414425,Noisy
0.243,10.973794980612272,Noisy
0.244,10.759994908403128,Noisy
0.245,9.704249703914668,Noisy
0.246,9.263263310289545,Noisy
0.247,10.160235629737846,Noisy
0.248,10.663399909978867,Noisy
0.249,11.440151433256615,Noisy
0.25,10.106417304024768,Noisy
0.251,10.897479360593469,Noisy
0.252,10.087646405008678,Noisy
0.253,10.504475446094641,Noisy
0.254,9.808221520054257,Noisy
0.255,10.170279621895277,Noisy
0.256,9.697482057231046,Noisy
0.257,8.052667259883771,Noisy
0.258,8.668959129911226,Noisy
0.259,9.518708028122406,Noisy
0.26,8.605709337530698,Noisy
0.261,8.959017786730133,Noisy
0.262,10.403938145202787,Noisy
0.263,9.194786941203839,Noisy
0.264,9.148928584418458,Noisy
0.265,10.6189220844938,Noisy
0.266,9.510384148594973,Noisy
0.267,9.005970678734066,Noisy
0.268,10.609590152261546,Noisy
0.269,9.375288343388311,Noisy
0.27,10.615165516645376,Noisy
0.271,9.622619086904434,Noisy
0.272,10.414858569040511,Noisy
0.273,8.607303870487605,Noisy
0.274,9.449180229069796,Noisy
0.275,9.814331509995718,Noisy
0.276,10.252533631604104,Noisy
0.277,10.183528652934909,Noisy
0.278,11.139354628830551,Noisy
0.279,10.691431587286267,Noisy
0.28,10.06211707564359,Noisy
0.281,9.954800495991693,Noisy
0.282,9.17871578604656,Noisy
0.283,9.202888864188905,Noisy
0.284,10.971277157974182,Noisy
0.285,9.957740626169297,Noisy
0.286,9.09858996661341,Noisy
0.287,10.064324910462584,Noisy
0.288,8.685757453132283,Noisy
0.289,12.731921402633931,Noisy
0.29,8.480449480628693,Noisy
0.291,11.56547821035493,Noisy
0.292,9.596016514937993,Noisy
0.293,9.97363580399819,Noisy
0.294,9.647227024720326,Noisy
0.295,9.362417845185519,Noisy
0.296,8.718005803299414,Noisy
0.297,8.075140935448543,Noisy
0.298,10.369485860848535,Noisy
0.299,9.06721636495294,Noisy
0.3,9.375531359647564,Noisy
0.301,9.892900438272813,Noisy
0.302,9.334786908671703,Noisy
0.303,10.821920658644713,Noisy
0.304,9.797348932990356,Noisy
0.305,10.401190619312452,Noisy
0.306,9.77878312552557,Noisy
0.307,9.159306543780641,Noisy
0.308,8.911996969147964,Noisy
0.309,9.922176855097803,Noisy
0.31,9.795706703201029,Noisy
0.311,10.743147411198107,Noisy
0.312,8.969622300525215,Noisy
0.313,10.25062303502712,Noisy
0.314,9.665935915318672,Noisy
0.315,8.913967311890662,Noisy
0.316,9.517285355762843,Noisy
0.317,9.528314016191667,Noisy
0.318,7.747726806294283,Noisy
0.319,9.486823904550164,Noisy
0.32,9.249210233169576,Noisy
0.321,8.662310157349996,Noisy
0.322,9.069442412144602,Noisy
0.323,9.304815605228837,Noisy
0.324,8.357184504839735,Noisy
0.325,9.443684885464068,Noisy
0.326,10.072001980478227,Noisy
0.327,8.695073203688084,Noisy
0.328,9.31453102400766,Noisy
0.329,8.527543973499768,Noisy
0.33,8.481321102267522,Noisy
0.331,9.391914607794432,Noisy
0.332,8.63138472636678,Noisy
0.333,8.807255613412513,Noisy
0.334,6.061211557141829,Noisy
0.335,9.241906437075526,Noisy
0.336,8.509036839141311,Noisy
0.337,8.429806479096543,Noisy
0.338,9.05198361797176,Noisy
0.339,7.358977177463137,Noisy
0.34,7.8621344208406345,Noisy
0.341,7.995136735018282,Noisy
0.342,7.86187851976234,Noisy
0.343,9.638434194598473,Noisy
0.344,7.907671131016254,Noisy
0.345,8.807034328506738,Noisy
0.346,8.498335547442853,Noisy
0.347,7.706375533310111,Noisy
0.348,7.094545980661401,Noisy
0.349,8.335407810090983,Noisy
0.35,8.335085143080526,Noisy
0.351,7.84874089878946,Noisy
0.352,8.616253036774172,Noisy
0.353,8.472515606700844,Noisy
0.354,7.8506599756970745,Noisy
0.355,6.7827453526884804,Noisy
0.356,7.543406128688559,Noisy
0.357,7.193245428513718,Noisy
0.358,7.327775668288126,Noisy
0.359,7.52585935979706,Noisy
0.36,7.618987346551954,Noisy
0.361,7.695553433748236,Noisy
0.362,8.260800963264812,Noisy
0.363,6.254334291222122,Noisy
0.364,7.488248734994581,Noisy
0.365,8.118261378173205,Noisy
0.366,7.202161883227633,Noisy
0.367,8.244505653029954,Noisy
0.368,6.946430736149846,Noisy
0.369,7.076808612377655,Noisy
0.37,8.388074776630921,Noisy
0.371,7.500225742631388,Noisy
0.372,6.754772154231348,Noisy
0.373,8.332272131141195,Noisy
0.374,6.7219496443433915,Noisy
0.375,7.637318318556333,Noisy
0.376,6.830404708386702,Noisy
0.377,7.2471491928636524,Noisy
0.378,7.871418412173563,Noisy
0.379,6.855743064940279,Noisy
0.38,7.603055383470281,Noisy
0.381,6.908835076846537,Noisy
0.382,6.455923654762709,Noisy
0.383,4.943564663222004,Noisy
0.384,5.463722091265732,Noisy
0.385,7.0090277083266015,Noisy
0.386,6.495736487400881,Noisy
0.387,6.681423372823543,Noisy
0.388,6.30223142273201,Noisy
0.389,5.799655367342797,Noisy
0.39,6.118903630107429,Noisy
0.391,5.884275920538646,Noisy
0.392,7.027785113848305,Noisy
0.393,6.665063703490689,Noisy
0.394,6.5337591343303405,Noisy
0.395,5.886295308800675,Noisy
0.396,5.423513870754881,Noisy
0.397,6.623338679920128,Noisy
0.398,7.159296342335551,Noisy
0.399,5.683592290414443,Noisy
0.4,5.270465044996127,Noisy
0.401,6.099447255385403,Noisy
0.402,6.455783039237563,Noisy
0.403,4.789871191169496,Noisy
0.404,5.718103808436491,Noisy
0.405,4.085920971457964,Noisy
0.406,6.339361051348762,Noisy
0.407,6.232015524491677,Noisy
0.408,5.937077509654018,Noisy
0.409,4.709550061181311,Noisy
0.41,4.4742210864992185,Noisy
0.411,5.562445166142953,Noisy
0.412,5.986762173524652,Noisy
0.413,6.381814423065565,Noisy
0.414,4.678787008122033,Noisy
0.415,4.938056801626193,Noisy
0.416,4.691758885084564,Noisy
0.417,4.914701172053554,Noisy
0.418,6.091913113330308,Noisy
0.419,6.332627719589239,Noisy
0.42,3.629929562345337,Noisy
0.421,5.854210488624317,Noisy
0.422,4.6241012246559166,Noisy
0.423,4.336272090182275,Noisy
0.424,4.141010467231056,Noisy
0.425,5.168458495139133,Noisy
0.426,5.28852500354937,Noisy
0.427,3.5724600650013025,Noisy
0.428,5.095158869089394,Noisy
0.429,5.670079798297384,Noisy
0.43,4.293392008736459,Noisy
0.431,3.087883222103618,Noisy
0.432,3.941271849607695,Noisy
0.433,2.376286538498872,Noisy
0.434,3.9496018493075002,Noisy
0.435,3.3099949070682557,Noisy
0.436,3.7638647037484994,Noisy
0.437,2.8665636518176534,Noisy
0.438,3.674718653636403,Noisy
0.439,3.1733704861168803,Noisy
0.44,4.282884035263194,Noisy
0.441,4.166405512793562,Noisy
0.442,3.9483458712009014,Noisy
0.443,3.740671436479921,Noisy
0.444,4.082486169814738,Noisy
0.445,5.087800906301316,Noisy
0.446,3.6775070376171968,Noisy
0.447,3.211249642273322,Noisy
0.448,3.774407020390476,Noisy
0.449,3.2780635259700546,Noisy
0.45,2.38345344996881,Noisy
0.451,3.013536245572936,Noisy
0.452,2.770393009387055,Noisy
0.453,4.437366397659636,Noisy
0.454,2.9440938002765846,Noisy
0.455,3.1569149216593098,Noisy
0.456,1.7407886709664613,Noisy
0.457,2.0577806216712746,Noisy
0.458,2.5865528281601566,Noisy
0.459,2.869034620467655,Noisy
0.46,2.7872001177613317,Noisy
0.461,1.3704237435288278,Noisy
0.462,1.9555877943661806,Noisy
0.463,2.261786554833672,Noisy
0.464,2.3936099682695793,Noisy
0.465,3.6026855495702046,Noisy
0.466,1.176828702564562,Noisy
0.467,1.8286388807613427,Noisy
0.468,1.848663931967293,Noisy
0.469,2.587042833233846,Noisy
0.47,3.544949624464224,Noisy
0.471,2.2108695158691942,Noisy
0.472,0.6375507680292136,Noisy
0.473,1.3822643944354618,Noisy
0.474,1.4953900498929158,Noisy
0.475,0.8576705923583574,Noisy
0.476,1.8279998800770314,Noisy
0.477,1.4405995071094098,Noisy
0.478,0.757770721448299,Noisy
0.479,1.5261194056371503,Noisy
0.48,2.0400279496558866,Noisy
0.481,1.5668563078075473,Noisy
0.482,0.5879935267408052,Noisy
0.483,1.0599826704961985,Noisy
0.484,0.7231675241214794,Noisy
0.485,2.166533399273427,Noisy
0.486,1.3489270561862843,Noisy
0.487,0.4438155589349582,Noisy
0.488,-0.05254257387857231,Noisy
0.489,0.04088226021186436,Noisy
0.49,-0.2125697862369309,Noisy
0.491,0.827007130367311,Noisy
0.492,0.278623641563709,Noisy
0.493,0.7356840956494106,Noisy
0.494,0.8864372358217782,Noisy
0.495,-0.47885928353362506,Noisy
0.496,0.9263851963328358,Noisy
0.497,0.6925503578541573,Noisy
0.498,-0.7417852675560643,Noisy
0.499,-0.6183284355554457,Noisy
0.5,-0.616367002001147,Noisy
0.501,0.04355437459399862,Noisy
0.502,1.0320829566136462,Noisy
0.503,0.010792602097348697,Noisy
0.504,-0.4652913624027282,Noisy
0.505,1.3733578127760273,Noisy
0.506,-0.22959439443691199,Noisy
0.507,-0.28119126582513176,Noisy
0.508,1.4498090029890318,Noisy
0.509,-0.4199081908452516,Noisy
0.51,-0.4065341287892784,Noisy
0.511,-1.4329144820128876,Noisy
0.512,-0.5971088715463884,Noisy
0.513,-1.954638829608174,Noisy
0.514,-1.1221415383468574,Noisy
0.515,0.01216856801184929,Noisy
0.516,-2.0315629606810837,Noisy
0.517,-0.526012444110307,Noisy
0.518,-1.7494676822566482,Noisy
0.519,-1.3237830083009612,Noisy
0.52,-1.7097636008540518,Noisy
0.521,-1.0875996314079357,Noisy
0.522,-1.8731610475835114,Noisy
0.523,-2.6191217060539342,Noisy
0.524,-1.3140203762379907,Noisy
0.525,-1.7239029948122053,Noisy
0.526,-2.0143402869944267,Noisy
0.527,-2.1294743286104305,Noisy
0.528,-2.229269382442016,Noisy
0.529,-1.7529366440713872,Noisy
0.53,-3.0030685673396564,Noisy
0.531,-3.2191067410134493,Noisy
0.532,-3.049009905626268,Noisy
0.533,-2.4883702617020615,Noisy
0.534,-2.5827042879143525,Noisy
0.535,-2.973214707040932,Noisy
0.536,-0.5104238685116529,Noisy
0.537,-1.8547242411374145,Noisy
0.538,-2.2703518977689163,Noisy
0.539,-3.0400390765558756,Noisy
0.54,-2.8940497538203878,Noisy
0.541,-1.9301546214148546,Noisy
0.542,-3.2311134611922334,Noisy
0.543,-1.0735864500115224,Noisy
0.544,-3.3955039394210074,Noisy
0.545,-2.622309513188302,Noisy
0.546,-2.8567675531636265,Noisy
0.547,-2.4085834636322323,Noisy
0.548,-2.6578423207987596,Noisy
0.549,-2.7416180022333037,Noisy
0.55,-2.8500802464701076,Noisy
0.551,-2.2323721983601486,Noisy
0.552,-3.382395673589959,Noisy
0.553,-2.0995966260763326,Noisy
0.554,-1.9131808399712893,Noisy
0.555,-2.32629228808279,Noisy
0.556,-3.238381806804741,Noisy
0.557,-5.876863682499863,Noisy
0.558,-4.297818659154337,Noisy
0.559,-4.172479020995785,Noisy
0.56,-3.933724746092885,Noisy
0.561,-4.096993491436085,Noisy
0.562,-3.458460848643465,Noisy
0.563,-2.002096144441286,Noisy
0.564,-5.00459491741936,Noisy
0.565,-3.8107118698850604,Noisy
0.566,-4.956694159697174,Noisy
0.567,-4.4349354521288165,Noisy
0.568,-3.615931700405063,Noisy
0.569,-4.376806187975875,Noisy
0.57,-3.415222197796339,Noisy
0.571,-5.045868290881313,Noisy
0.572,-4.261582549565802,Noisy
0.573,-4.88280765022381,Noisy
0.574,-3.432367300800121,Noisy
0.575,-4.100575872502962,Noisy
0.576,-6.601452109185415,Noisy
0.577,-3.719693398962448,Noisy
0.578,-4.082395970368443,Noisy
0.579,-4.603336634371872,Noisy
0.58,-5.131681948617061,Noisy
0.581,-5.9507903425609685,Noisy
0.582,-5.3470639905762045,Noisy
0.583,-4.955886155945331,Noisy
0.584,-5.945370708192078,Noisy
0.585,-5.797089017120737,Noisy
0.586,-5.9574835398007835,Noisy
0.587,-4.965825283420795,Noisy
0.588,-6.514621244520501,Noisy
0.589,-7.03181333302365,Noisy
0.59,-5.815456037172424,Noisy
0.591,-5.962785878816998,Noisy
0.592,-4.028151979260309,Noisy
0.593,-6.090316562805754,Noisy
0.594,-5.912589206785742,Noisy
0.595,-5.6225725916538325,Noisy
0.596,-6.404466370202799,Noisy
0.597,-6.383337847105686,Noisy
0.598,-4.625065277558571,Noisy
0.599,-5.9965843003236445,Noisy
0.6,-6.298259405619638,Noisy
0.601,-5.28654263563379,Noisy
0.602,-6.488818838926745,Noisy
0.603,-7.539845590020198,Noisy
0.604,-4.966298330567606,Noisy
0.605,-4.898785942212776,Noisy
0.606,-4.131994005923389,Noisy
0.607,-5.786965902689646,Noisy
0.608,-6.49347829615873,Noisy
0.609,-6.56739534780008,Noisy
0.61,-5.117708689621072,Noisy
0.611,-7.759000009076768,Noisy
0.612,-5.227636756943195,Noisy
0.613,-6.046777911266216,Noisy
0.614,-6.456645662856676,Noisy
0.615,-6.889012360273647,Noisy
0.616,-6.403643150997096,Noisy
0.617,-6.745490998033213,Noisy
0.618,-5.926534452764805,Noisy
0.619,-5.299716115380173,Noisy
0.62,-7.661588432251613,Noisy
0.621,-6.961193152649773,Noisy
0.622,-6.7404985102176544,Noisy
0.623,-7.18911677081816,Noisy
0.624,-6.6034494372751755,Noisy
0.625,-6.422153323004088,Noisy
0.626,-6.619044938453273,Noisy
0.627,-6.505698332219116,Noisy
0.628,-7.399629897571389,Noisy
0.629,-8.125537511968393,Noisy
0.63,-6.22135499126631,Noisy
0.631,-8.418692378217488,Noisy
0.632,-7.842868967154792,Noisy
0.633,-8.692689516199671,Noisy
0.634,-7.102341910137788,Noisy
0.635,-7.14319484254232,Noisy
0.636,-7.354794847956279,Noisy
0.637,-7.9388561738190395,Noisy
0.638,-6.726975619939517,Noisy
0.639,-8.154523490666303,Noisy
0.64,-6.799580607549681,Noisy
0.641,-7.742574490620588,Noisy
0.642,-7.44807268437646,Noisy
0.643,-7.623444543733791,Noisy
0.644,-8.8030454055344,Noisy
0.645,-8.66626116811545,Noisy
0.646,-7.652223005355255,Noisy
0.647,-7.855406394560771,Noisy
0.648,-7.883614752946343,Noisy
0.649,-8.535024451996993,Noisy
0.65,-5.752717406257521,Noisy
0.651,-9.626275096870547,Noisy
0.652,-8.92326099313626,Noisy
0.653,-6.1538802903671375,Noisy
0.654,-7.58457979523374,Noisy
0.655,-9.471331150799873,Noisy
0.656,-9.513888227638246,Noisy
0.657,-7.290660578800822,Noisy
0.658,-8.015483260395232,Noisy
0.659,-8.013512697049288,Noisy
0.66,-8.206728414553034,Noisy
0.661,-8.917437352162533,Noisy
0.662,-9.506775708910109,Noisy
0.663,-9.147036872401944,Noisy
0.664,-8.323100832498898,Noisy
0.665,-8.70335490716865,Noisy
0.666,-8.877095429035503,Noisy
0.667,-8.036852339933303,Noisy
0.668,-7.64474400106442,Noisy
0.669,-8.550148130777359,Noisy
0.67,-8.158587426973071,Noisy
0.671,-8.845068251875652,Noisy
0.672,-7.845379406536323,Noisy
0.673,-7.940874999661598,Noisy
0.674,-8.495958394911444,Noisy
0.675,-7.480511510167565,Noisy
0.676,-7.727577997990116,Noisy
0.677,-8.979203854838707,Noisy
0.678,-8.555223872618773,Noisy
0.679,-8.158139974090851,Noisy
0.68,-9.66538712059096,Noisy
0.681,-9.582548147258775,Noisy
0.682,-7.796812172389631,Noisy
0.683,-9.411663002533684,Noisy
0.684,-9.4061935113112,Noisy
0.685,-9.297336932739526,Noisy
0.686,-7.7865690538093855,Noisy
0.687,-9.738077645027708,Noisy
0.688,-10.318772140754184,Noisy
0.689,-8.691701562468532,Noisy
0.69,-7.932354160575416,Noisy
0.691,-9.521128974610306,Noisy
0.692,-7.676291720778488,Noisy
0.693,-8.858531059514188,Noisy
0.694,-9.311936547141922,Noisy
0.695,-8.747229613183082,Noisy
0.696,-9.214840630157376,Noisy
0.697,-8.399810755389133,Noisy
0.698,-8.989273324274293,Noisy
0.699,-8.726838338854265,Noisy
0.7,-7.517152580655479,Noisy
0.701,-8.526399179964944,Noisy
0.702,-9.513797907777121,Noisy
0.703,-9.954562645246387,Noisy
0.704,-9.49881560083201,Noisy
0.705,-7.522931952258126,Noisy
0.706,-9.837291788686871,Noisy
0.707,-10.228160343450195,Noisy
0.708,-9.339985473323841,Noisy
0.709,-10.476831026252507,Noisy
0.71,-9.055779175330349,Noisy
0.711,-9.395645349293448,Noisy
0.712,-10.28219789287255,Noisy
0.713,-9.919756225916137,Noisy
0.714,-9.498634992483979,Noisy
0.715,-9.52497021671646,Noisy
0.716,-9.89079184444364,Noisy
0.717,-8.895797193789463,Noisy
0.718,-9.409659456561037,Noisy
0.719,-9.421492031025922,Noisy
0.72,-10.373258618180234,Noisy
0.721,-11.907033481861422,Noisy
0.722,-9.625410611799243,Noisy
0.723,-9.566784655630734,Noisy
0.724,-10.278438672668402,Noisy
0.725,-11.158433352789718,Noisy
0.726,-9.563921904179946,Noisy
0.727,-8.673925042447527,Noisy
0.728,-9.531821326898354,Noisy
0.729,-10.261284691603734,Noisy
0.73,-8.391461891432296,Noisy
0.731,-9.834902046243881,Noisy
0.732,-9.32957158654139,Noisy
0.733,-9.300042753642993,Noisy
0.734,-9.244308097515127,Noisy
0.735,-10.498788321464486,Noisy
0.736,-10.443568793844545,Noisy
0.737,-10.588873772348855,Noisy
0.738,-10.30772556765027,Noisy
0.739,-11.704977388013141,Noisy
0.74,-9.787132882547224,Noisy
0.741,-9.705538119818343,Noisy
0.742,-8.63944278880307,Noisy
0.743,-10.579847380420533,Noisy
0.744,-10.321423068848388,Noisy
0.745,-9.399225628714822,Noisy
0.746,-8.745289544191351,Noisy
0.747,-10.00909410222299,Noisy
0.748,-8.461620161227808,Noisy
0.749,-9.197745083526632,Noisy
0.75,-9.77307518494028,Noisy
0.751,-10.937518610637225,Noisy
0.752,-8.475138517832157,Noisy
0.753,-9.973851999422703,Noisy
0.754,-9.856928394814544,Noisy
0.755,-9.949626502436189,Noisy
0.756,-10.991566915519636,Noisy
0.757,-8.959746147650966,Noisy
0.758,-9.94285505624242,Noisy
0.759,-10.926532501640754,Noisy
0.76,-9.872132726104347,Noisy
0.761,-9.664910068002524,Noisy
0.762,-9.507880728291255,Noisy
0.763,-9.732015040077227,Noisy
0.764,-10.414757659797942,Noisy
0.765,-8.798890151444732,Noisy
0.766,-9.31187548498135,Noisy
0.767,-10.011361603119973,Noisy
0.768,-9.5076229358395,Noisy
0.769,-8.294651653834112,Noisy
0.77,-10.040643270769152,Noisy
0.771,-9.871290075629462,Noisy
0.772,-10.629971233075217,Noisy
0.773,-9.460039193199423,Noisy
0.774,-9.94972399912951,Noisy
0.775,-9.086391762672488,Noisy
0.776,-9.760892865317802,Noisy
0.777,-8.759261325654819,Noisy
0.778,-9.42192587982741,Noisy
0.779,-10.067294130683322,Noisy
0.78,-8.94007960804169,Noisy
0.781,-9.216293849360179,Noisy
0.782,-9.821022378250097,Noisy
0.783,-9.988333859234,Noisy
0.784,-9.676371316770705,Noisy
0.785,-9.732679932829802,Noisy
0.786,-8.710609239233364,Noisy
0.787,-10.880233854493564,Noisy
0.788,-9.49405090110456,Noisy
0.789,-10.2423200311427,Noisy
0.79,-9.509161752196816,Noisy
0.791,-9.947818490950885,Noisy
0.792,-10.15855651822362,Noisy
0.793,-9.498184200935935,Noisy
0.794,-10.374895484303561,Noisy
0.795,-9.146262407067924,Noisy
0.796,-9.809246374454368,Noisy
0.797,-9.074887529513635,Noisy
0.798,-9.72417723015814,Noisy
0.799,-10.943702104997566,Noisy
0.8,-9.298284666715698,Noisy
0.801,-8.492721774832258,Noisy
0.802,-10.383333494710268,Noisy
0.803,-8.991318940235335,Noisy
0.804,-10.571850380836008,Noisy
0.805,-9.142767973718561,Noisy
0.806,-8.951760225202039,Noisy
0.807,-9.772900108909543,Noisy
0.808,-9.879655388811134,Noisy
0.809,-9.725336094526432,Noisy
0.81,-10.877874976708823,Noisy
0.811,-9.52172273860975,Noisy
0.812,-9.587124204032047,Noisy
0.813,-9.584486616897244,Noisy
0.814,-9.147418850565092,Noisy
0.815,-9.719365058499259,Noisy
0.816,-8.675690082503339,Noisy
0.817,-10.093523919780262,Noisy
0.818,-8.513854965851682,Noisy
0.819,-9.680777777759205,Noisy
0.82,-9.170773025697605,Noisy
0.821,-8.601131937811388,Noisy
0.822,-9.94449395942357,Noisy
0.823,-9.409101037624438,Noisy
0.824,-8.738630796196876,Noisy
0.825,-8.882865085867879,Noisy
0.826,-7.503038409511753,Noisy
0.827,-7.70957669370756,Noisy
0.828,-8.953587399611454,Noisy
0.829,-8.237298513056864,Noisy
0.83,-7.7597710314669746,Noisy
0.831,-7.911916372053766,Noisy
0.832,-8.87479429741435,Noisy
0.833,-8.892890761546715,Noisy
0.834,-7.244047384747749,Noisy
0.835,-8.661228696857979,Noisy
0.836,-7.225190254988831,Noisy
0.837,-7.540989846300571,Noisy
0.838,-7.7383930701006856,Noisy
0.839,-7.687983236816346,Noisy
0.84,-7.302362404868131,Noisy
0.841,-7.865660765871745,Noisy
0.842,-8.019136220377398,Noisy
0.843,-7.08919773001033,Noisy
0.844,-7.594177504735147,Noisy
0.845,-7.727898269215774,Noisy
0.846,-7.540978475442366,Noisy
0.847,-9.540791568364494,Noisy
0.848,-7.0817589527500076,Noisy
0.849,-7.169717635359129,Noisy
0.85,-8.05831977429991,Noisy
0.851,-7.461969196318526,Noisy
0.852,-7.565103875713747,Noisy
0.853,-6.695313136809322,Noisy
0.854,-9.16962507145654,Noisy
0.855,-7.807739718137691,Noisy
0.856,-7.349391598320747,Noisy
0.857,-7.462378688208744,Noisy
0.858,-8.478863164630505,Noisy
0.859,-8.522635834454231,Noisy
0.86,-6.751822251333897,Noisy
0.861,-7.193221015017957,Noisy
0.862,-8.169077834806956,Noisy
0.863,-9.87806159554157,Noisy
0.864,-8.208443798970661,Noisy
0.865,-7.035748711172392,Noisy
0.866,-7.208720602034717,Noisy
0.867,-7.861133115129451,Noisy
0.868,-6.877412935705469,Noisy
0.869,-7.717836520150209,Noisy
0.87,-7.251521555676377,Noisy
0.871,-7.228277778475336,Noisy
0.872,-7.043729944970508,Noisy
0.873,-7.9824121462769195,Noisy
0.874,-8.783286780504387,Noisy
0.875,-7.798308233817741,Noisy
0.876,-6.699283677466031,Noisy
0.877,-7.254980187824787,Noisy
0.878,-5.723974709746408,Noisy
0.879,-7.374155428942215,Noisy
0.88,-5.775115914614829,Noisy
0.881,-8.83439154963538,Noisy
0.882,-6.678726514844779,Noisy
0.883,-5.123620773234082,Noisy
0.884,-5.731656109436297,Noisy
0.885,-7.435368762944284,Noisy
0.886,-5.085693752229043,Noisy
0.887,-5.249683579012794,Noisy
0.888,-5.46802211327157,Noisy
0.889,-5.095291418657194,Noisy
0.89,-5.608347889980602,Noisy
0.891,-8.109411428296113,Noisy
0.892,-5.724068329449766,Noisy
0.893,-5.88930196543825,Noisy
0.894,-6.285231743533454,Noisy
0.895,-6.2721200040468,Noisy
0.896,-5.456335993477775,Noisy
0.897,-6.351176746281082,Noisy
0.898,-6.615133659116394,Noisy
0.899,-7.18920289311639,Noisy
0.9,-7.27598973238608,Noisy
0.901,-7.623555439316967,Noisy
0.902,-5.889685441631641,Noisy
0.903,-6.6816458307855875,Noisy
0.904,-5.380719284223263,Noisy
0.905,-3.689490944290873,Noisy
0.906,-5.1726866064264145,Noisy
0.907,-4.9152660027429835,Noisy
0.908,-6.084931585160897,Noisy
0.909,-4.910463575138758,Noisy
0.91,-6.753071099759835,Noisy
0.911,-5.017262713479564,Noisy
0.912,-4.434991321243224,Noisy
0.913,-5.033867860326201,Noisy
0.914,-6.246870106632528,Noisy
0.915,-5.243401402956587,Noisy
0.916,-5.192391273559719,Noisy
0.917,-3.2965041246857827,Noisy
0.918,-4.921644481410336,Noisy
0.919,-3.73455765460882,Noisy
0.92,-4.660810547440747,Noisy
0.921,-5.323716455096853,Noisy
0.922,-4.809127438773654,Noisy
0.923,-3.56348366450532,Noisy
0.924,-5.636745799709422,Noisy
0.925,-3.1319884469842183,Noisy
0.926,-4.31933792157344,Noisy
0.927,-5.270460318271157,Noisy
0.928,-4.762946373928817,Noisy
0.929,-4.545313608013643,Noisy
0.93,-4.084153743741193,Noisy
0.931,-3.391084047472797,Noisy
0.932,-3.7293022591344114,Noisy
0.933,-3.5909827392057734,Noisy
0.934,-5.569573258802121,Noisy
0.935,-2.9177756594133237,Noisy
0.936,-4.660015914328824,Noisy
0.937,-3.6317644088589836,Noisy
0.938,-4.198583649357902,Noisy
0.939,-5.381348894309656,Noisy
0.94,-4.308511769203372,Noisy
0.941,-4.319486284665941,Noisy
0.942,-3.710352596768718,Noisy
0.943,-4.258253554709373,Noisy
0.944,-2.465268833042234,Noisy
0.945,-4.086151363725228,Noisy
0.946,-4.579169512579475,Noisy
0.947,-3.8318874507482437,Noisy
0.948,-2.262634890880124,Noisy
0.949,-3.189879872500144,Noisy
0.95,-2.254132268163403,Noisy
0.951,-3.420781947314933,Noisy
0.952,-3.3349320830156293,Noisy
0.953,-4.340155732078774,Noisy
0.954,-3.0314112994267344,Noisy
0.955,-3.539907847754524,Noisy
0.956,-2.9932071614713998,Noisy
0.957,-3.4144840970673465,Noisy
0.958,-3.109004443778245,Noisy
0.959,-3.5598626517732246,Noisy
0.96,-2.3825501761504153,Noisy
0.961,-2.37770416886633,Noisy
0.962,-0.38305619332414786,Noisy
0.963,-1.4150710744976047,Noisy
0.964,-3.86506835048334,Noisy
0.965,-2.439959087511385,Noisy
0.966,-1.4834584273327418,Noisy
0.967,-1.8912910612608378,Noisy
0.968,-1.36432647289722,Noisy
0.969,-0.9888225900091934,Noisy
0.97,-1.8551070810810255,Noisy
0.971,-1.1909799557563385,Noisy
0.972,-2.643611417604019,Noisy
0.973,-1.1619293917773217,Noisy
0.974,-1.1859862679293458,Noisy
0.975,-1.8951839815216804,Noisy
0.976,-1.7639283771161902,Noisy
0.977,-1.3656203573393744,Noisy
0.978,0.7913626511387024,Noisy
0.979,-2.391206845976515,Noisy
0.98,-2.0241908236545996,Noisy
0.981,-0.9377755704280956,Noisy
0.982,-0.6527044851934389,Noisy
0.983,-1.3414354318309254,Noisy
0.984,-1.9691272457952058,Noisy
0.985,-1.4818627550632895,Noisy
0.986,0.1005893431091105,Noisy
0.987,-1.3244039939376808,Noisy
0.988,-0.28838916793390534,Noisy
0.989,0.1356468019740561,Noisy
0.99,-0.4919884382036127,Noisy
0.991,-0.02909572447722364,Noisy
0.992,0.2547061063422865,Noisy
0.993,-0.6761510247339684,Noisy
0.994,0.6798749487893122,Noisy
0.995,-1.5461211509074537,Noisy
0.996,1.0095226628668885,Noisy
0.997,-0.2470751393016153,Noisy
0.998,0.2443221248325294,Noisy
0.999,0.662503081621937,Noisy
1.0,0.9909725134191647,Noisy
1.001,0.1363013973125966,Noisy
1.002,0.6561436425027116,Noisy
1.003,0.8686521872802123,Noisy
1.004,-0.04513945295896621,Noisy
1.005,-1.2029658029902495,Noisy
1.006,0.6373447070687412,Noisy
1.007,1.8247839748352561,Noisy
1.008,1.549153427056497,Noisy
1.009,0.3138583117010341,Noisy
1.01,0.7146964353301435,Noisy
1.011,0.3616623321047055,Noisy
1.012,-0.8458507055107813,Noisy
1.013,0.3541030528434506,Noisy
1.014,-0.5756912245773703,Noisy
1.015,1.0394477001864981,Noisy
1.016,1.908442312884279,Noisy
1.017,2.0612193818731996,Noisy
1.018,0.41824516204633244,Noisy
1.019,0.7078802351621991,Noisy
1.02,3.1178296383802664,Noisy
1.021,1.4664003199094697,Noisy
1.022,2.631436511294825,Noisy
1.023,1.4126686986966825,Noisy
1.024,1.095186134130384,Noisy
1.025,1.5536268805373403,Noisy
1.026,-0.3975567613024369,Noisy
1.027,1.6708066302542557,Noisy
1.028,1.9928566295123964,Noisy
1.029,1.2325236065846137,Noisy
1.03,3.032079864700276,Noisy
1.031,2.867149036292565,Noisy
1.032,1.7215117913057525,Noisy
1.033,2.187462443066991,Noisy
1.034,2.9522306036210053,Noisy
1.035,3.4044797532560906,Noisy
1.036,3.12386210939201,Noisy
1.037,3.588609161844756,Noisy
1.038,1.346438160834636,Noisy
1.039,1.8921837783998403,Noisy
1.04,1.2429557810440293,Noisy
1.041,1.8075496948320295,Noisy
1.042,3.721453538186548,Noisy
1.043,3.0681130726984804,Noisy
1.044,3.461545172117214,Noisy
1.045,3.1250329782668653,Noisy
1.046,4.705981241703758,Noisy
1.047,2.6213314075009744,Noisy
1.048,2.0865137095707227,Noisy
1.049,2.3992012214490406,Noisy
1.05,1.703379726886046,Noisy
1.051,4.978143474236149,Noisy
1.052,2.6929039586635786,Noisy
1.053,3.756580720280632,Noisy
1.054,3.3509362227358914,Noisy
1.055,2.269638784623721,Noisy
1.056,2.4303210696029875,Noisy
1.057,3.4144720249272913,Noisy
1.058,3.2791924405239508,Noisy
1.059,4.1106461158149346,Noisy
1.06,3.679871577487734,Noisy
1.061,3.387546951749571,Noisy
1.062,2.0954176672475304,Noisy
1.063,4.54315674652485,Noisy
1.064,4.371714541622657,Noisy
1.065,4.236199158451956,Noisy
1.066,5.483597391774115,Noisy
1.067,2.887525523628818,Noisy
1.068,4.746969451600628,Noisy
1.069,5.358594725433527,Noisy
1.07,4.708976288344735,Noisy
1.071,4.906230976101583,Noisy
1.072,4.414387540053246,Noisy
1.073,2.8542238383707064,Noisy
1.074,3.5513628397184123,Noisy
1.075,3.9205836966716516,Noisy
1.076,4.642709663619181,Noisy
1.077,5.157966814127446,Noisy
1.078,4.9227391858912855,Noisy
1.079,4.9584432306640265,Noisy
1.08,5.678936652305017,Noisy
1.081,4.288612823638762,Noisy
1.082,4.986411142869858,Noisy
1.083,4.260039855084632,Noisy
1.084,5.475235047594635,Noisy
1.085,4.922077228848454,Noisy
1.086,4.100856517713327,Noisy
1.087,4.195882047708474,Noisy
1.088,5.736309800064448,Noisy
1.089,4.432062319949498,Noisy
1.09,6.087481869219261,Noisy
1.091,5.7335519436171225,Noisy
1.092,6.16576799569116,Noisy
1.093,6.003745121767199,Noisy
1.094,5.22492593247302,Noisy
1.095,5.841749559913632,Noisy
1.096,4.7584091649811295,Noisy
1.097,5.082899185843688,Noisy
1.098,5.805854516794906,Noisy
1.099,6.020988972412998,Noisy
1.1,7.123076764180105,Noisy
1.101,4.699221616571318,Noisy
1.102,5.549963812992232,Noisy
1.103,5.324635210867322,Noisy
1.104,5.761342482319834,Noisy
1.105,5.602079243232467,Noisy
1.106,6.183459920403084,Noisy
1.107,6.852155340486873,Noisy
1.108,5.750449486086617,Noisy
1.109,5.18172364281197,Noisy
1.11,6.952940909473522,Noisy
1.111,5.885433849862723,Noisy
1.112,5.688733363532682,Noisy
1.113,6.146346153496186,Noisy
1.114,6.469428932513104,Noisy
1.115,8.154263305297677,Noisy
1.116,6.640561399656749,Noisy
1.117,8.14304483985247,Noisy
1.118,7.306881481835648,Noisy
1.119,7.879742997078305,Noisy
1.12,7.799564907308763,Noisy
1.121,6.184025312610686,Noisy
1.122,7.456520414834906,Noisy
1.123,5.921001182878188,Noisy
1.124,7.868630161034374,Noisy
1.125,8.34381465454353,Noisy
1.126,6.626606207330923,Noisy
1.127,8.026888001134049,Noisy
1.128,7.704135505219407,Noisy
1.129,7.062860226022573,Noisy
1.13,6.278506660322012,Noisy
1.131,6.8754645106909065,Noisy
1.132,6.671472375010438,Noisy
1.133,8.069707359780177,Noisy
1.134,6.488934820673395,Noisy
1.135,7.219805807942922,Noisy
1.136,6.933439089479765,Noisy
1.137,7.205614153663803,Noisy
1.138,7.59555299346827,Noisy
1.139,6.9018426392588905,Noisy
1.14,7.835748465507852,Noisy
1.141,7.353561972991384,Noisy
1.142,6.155761098378058,Noisy
1.143,7.612263506172131,Noisy
1.144,8.684671573621777,Noisy
1.145,7.6154432346568255,Noisy
1.146,8.341096343100608,Noisy
1.147,8.150065084188574,Noisy
1.148,6.942798186168995,Noisy
1.149,7.779597427256431,Noisy
1.15,9.118934030058881,Noisy
1.151,9.129589424020132,Noisy
1.152,9.490837351575054,Noisy
1.153,7.991637408298906,Noisy
1.154,6.6584447635557265,Noisy
1.155,7.674762573782792,Noisy
1.156,8.713836161634235,Noisy
1.157,8.267834038207596,Noisy
1.158,7.863675703232989,Noisy
1.159,8.512558091289069,Noisy
1.16,8.628236453218653,Noisy
1.161,8.308030280514341,Noisy
1.162,7.78790608769073,Noisy
1.163,9.062778726964844,Noisy
1.164,8.715000366641469,Noisy
1.165,8.691874640577545,Noisy
1.166,7.215597769901525,Noisy
1.167,9.36372398576024,Noisy
1.168,9.540347883582514,Noisy
1.169,8.088817429813012,Noisy
1.17,6.582220724997136,Noisy
1.171,9.727855093221393,Noisy
1.172,9.699256151235465,Noisy
1.173,7.6635920415284415,Noisy
1.174,9.326398867757005,Noisy
1.175,7.910618682526284,Noisy
1.176,9.11973124600607,Noisy
1.177,10.1355251332554,Noisy
1.178,9.4964926843618,Noisy
1.179,6.475367980691315,Noisy
1.18,10.37257437537289,Noisy
1.181,8.49734227852773,Noisy
1.182,8.839721698622752,Noisy
1.183,9.766476626927773,Noisy
1.184,8.397520249979419,Noisy
1.185,8.190758825232743,Noisy
1.186,9.9819580873464,Noisy
1.187,8.334413423123912,Noisy
1.188,7.9332093179806105,Noisy
1.189,8.625441260915386,Noisy
1.19,7.994255061260274,Noisy
1.191,10.131388353874222,Noisy
1.192,9.634692707171048,Noisy
1.193,10.466808554914673,Noisy
1.194,8.703181346766744,Noisy
1.195,9.633679655722904,Noisy
1.196,9.717868328539042,Noisy
1.197,9.281298882889377,Noisy
1.198,9.592068422353256,Noisy
1.199,9.45434003456221,Noisy
1.2,9.78545171589073,Noisy
1.201,9.15410608238988,Noisy
1.202,9.643143302648571,Noisy
1.203,8.637057614701625,Noisy
1.204,10.40234457452701,Noisy
1.205,8.436685777164158,Noisy
1.206,9.74346970702531,Noisy
1.207,10.097786752715953,Noisy
1.208,9.8317251645862,Noisy
1.209,9.549128761029944,Noisy
1.21,9.019640122891724,Noisy
1.211,10.597357602031847,Noisy
1.212,9.721217282399962,Noisy
1.213,9.388475526042836,Noisy
1.214,10.882952440599517,Noisy
1.215,9.52142817787612,Noisy
1.216,10.648272348730451,Noisy
1.217,8.863385560962133,Noisy
1.218,10.219496956235236,Noisy
1.219,9.44789722502141,Noisy
1.22,10.229230263867882,Noisy
1.221,10.76001325412416,Noisy
1.222,9.445310325094049,Noisy
1.223,9.816868519881353,Noisy
1.224,9.273032211329214,Noisy
1.225,8.92381253991235,Noisy
1.226,10.21136553948316,Noisy
1.227,9.806208481143951,Noisy
1.228,9.719046821199319,Noisy
1.229,9.932057426885018,Noisy
1.23,10.926949374575392,Noisy
1.231,8.765443938032348,Noisy
1.232,9.42279033631117,Noisy
1.233,8.673819031110586,Noisy
1.234,10.044302589468368,Noisy
1.235,10.693111876399904,Noisy
1.236,10.967259986164835,Noisy
1.237,10.980822844554083,Noisy
1.238,9.247029127417518,Noisy
1.239,9.703306351771138,Noisy
1.24,9.715540775840758,Noisy
1.241,9.437044204654233,Noisy
1.242,9.011479721656977,Noisy
1.243,11.025891811589709,Noisy
1.244,8.69616405314036,Noisy
1.245,8.680577761580727,Noisy
1.246,9.146543793738203,Noisy
1.247,9.429987607071258,Noisy
1.248,9.909648023409007,Noisy
1.249,8.53223049278969,Noisy
1.25,11.136526363662183,Noisy
1.251,9.595100608240285,Noisy
1.252,10.580139435611684,Noisy
1.253,10.02432519744933,Noisy
1.254,9.617501008574125,Noisy
1.255,9.827325652874057,Noisy
1.256,10.095549807261063,Noisy
1.257,10.703817343209673,Noisy
1.258,10.184518591854811,Noisy
1.259,9.32303884567539,Noisy
1.26,11.253404119605834,Noisy
1.261,10.551006522472457,Noisy
1.262,9.517795361444806,Noisy
1.263,9.960894796771882,Noisy
1.264,10.1964628681248,Noisy
1.265,9.159987443404784,Noisy
1.266,10.320376263912049,Noisy
1.267,10.014533879909427,Noisy
1.268,10.522168386670051,Noisy
1.269,10.124788751814494,Noisy
1.27,10.254024569738883,Noisy
1.271,9.550963155606386,Noisy
1.272,10.347444269867912,Noisy
1.273,10.092011229408559,Noisy
1.274,10.31280002583588,Noisy
1.275,9.058036449717068,Noisy
1.276,10.689136079605104,Noisy
1.277,10.657439002607166,Noisy
1.278,9.812463464009083,Noisy
1.279,9.797519323534814,Noisy
1.28,10.250345710617557,Noisy
1.281,9.028211814882862,Noisy
1.282,10.108624657822054,Noisy
1.283,10.62095998433154,Noisy
1.284,10.637873632683426,Noisy
1.285,9.414235035360955,Noisy
1.286,10.219973952873842,Noisy
1.287,9.187492519081841,Noisy
1.288,9.968910467804006,Noisy
1.289,10.748333678938666,Noisy
1.29,9.554580829148565,Noisy
1.291,10.140483088700968,Noisy
1.292,9.433778745015475,Noisy
1.293,9.461967957906506,Noisy
1.294,10.453540825821054,Noisy
1.295,10.417480646011034,Noisy
1.296,11.129383630985025,Noisy
1.297,9.391165258251712,Noisy
1.298,7.902241402361051,Noisy
1.299,8.747650320030118,Noisy
1.3,9.135166169323151,Noisy
1.301,9.099711645146927,Noisy
1.302,9.575891009926512,Noisy
1.303,9.69524168897213,Noisy
1.304,10.147568820297815,Noisy
1.305,9.817749941447481,Noisy
1.306,7.762743830721333,Noisy
1.307,8.805590468868948,Noisy
1.308,8.315515857252885,Noisy
1.309,10.046458436175014,Noisy
1.31,9.374472902152384,Noisy
1.311,10.206319830477844,Noisy
1.312,8.925847250128847,Noisy
1.313,7.923583911343055,Noisy
1.314,8.86456192369206,Noisy
1.315,9.909438749739332,Noisy
1.316,8.615004001777017,Noisy
1.317,8.134374041072354,Noisy
1.318,9.03077882262673,Noisy
1.319,8.781459926311069,Noisy
1.32,9.79408662433787,Noisy
1.321,9.8223707043723,Noisy
1.322,9.579838001012813,Noisy
1.323,7.5717954902784275,Noisy
1.324,9.071819252270503,Noisy
1.325,8.585446504129123,Noisy
1.326,10.463945771011238,Noisy
1.327,9.213962157049053,Noisy
1.328,8.756889050438184,Noisy
1.329,7.149480182632113,Noisy
1.33,8.414580460993296,Noisy
1.331,9.92417909015752,Noisy
1.332,8.647805200272646,Noisy
1.333,10.236059080213678,Noisy
1.334,9.718746620979728,Noisy
1.335,6.5197400718420795,Noisy
1.336,8.982854656376684,Noisy
1.337,9.276139040811444,Noisy
1.338,8.217562567085094,Noisy
1.339,8.244328210744165,Noisy
1.34,7.893296312977446,Noisy
1.341,7.338148710885696,Noisy
1.342,7.403852336990912,Noisy
1.343,8.256949668893322,Noisy
1.344,10.338667455490722,Noisy
1.345,8.926720903871416,Noisy
1.346,9.907806690117532,Noisy
1.347,7.864644145459881,Noisy
1.348,7.700031586954777,Noisy
1.349,8.235449504941952,Noisy
1.35,7.0920074506418604,Noisy
1.351,6.631482758122477,Noisy
1.352,8.102021100333673,Noisy
1.353,7.491335436882885,Noisy
1.354,8.23107688533919,Noisy
1.355,8.129170203292077,Noisy
1.356,9.26553197915737,Noisy
1.357,6.010107033038147,Noisy
1.358,8.10344462549323,Noisy
1.359,7.8297223958063356,Noisy
1.36,8.322607912291023,Noisy
1.361,8.118834561038458,Noisy
1.362,8.131876803967891,Noisy
1.363,7.637669634672341,Noisy
1.364,5.907771290578765,Noisy
1.365,8.160753474960725,Noisy
1.366,5.718833717247837,Noisy
1.367,6.6848088654716955,Noisy
1.368,7.256570817756786,Noisy
1.369,8.12336286384302,Noisy
1.37,9.289067351662464,Noisy
1.371,7.4549919973587215,Noisy
1.372,7.1091955985924855,Noisy
1.373,6.540467054934416,Noisy
1.374,7.1095826454679765,Noisy
1.375,7.499712169957058,Noisy
1.376,7.4670027251550035,Noisy
1.377,6.061489109599286,Noisy
1.378,7.219540411355509,Noisy
1.379,6.438933893576548,Noisy
1.38,8.121713640581111,Noisy
1.381,8.2189733126541,Noisy
1.382,6.432559389683594,Noisy
1.383,6.385029482938037,Noisy
1.384,6.188429005228032,Noisy
1.385,5.317816179712112,Noisy
1.386,6.467678767013226,Noisy
1.387,7.082620015439191,Noisy
1.388,7.534878148678494,Noisy
1.389,7.29768731465423,Noisy
1.39,6.300971040668169,Noisy
1.391,6.0726811097558,Noisy
1.392,5.919541567710023,Noisy
1.393,7.9510184289164885,Noisy
1.394,6.212359487043381,Noisy
1.395,6.094993900693628,Noisy
1.396,5.983311063060702,Noisy
1.397,6.205646118594829,Noisy
1.398,5.78921462039004,Noisy
1.399,7.086241480663773,Noisy
1.4,6.21824740182201,Noisy
1.401,5.17037646176098,Noisy
1.402,5.482677959099496,Noisy
1.403,4.993268213979901,Noisy
1.404,5.349574513773052,Noisy
1.405,5.82684198912967,Noisy
1.406,6.520184337663422,Noisy
1.407,4.9508606700947535,Noisy
1.408,5.807161621202748,Noisy
1.409,4.356695006455936,Noisy
1.41,4.859956942460626,Noisy
1.411,4.44500105440614,Noisy
1.412,3.680683813245068,Noisy
1.413,5.521182446573768,Noisy
1.414,4.889200464159438,Noisy
1.415,5.1067954839464,Noisy
1.416,6.053510132432615,Noisy
1.417,3.861181674679351,Noisy
1.418,4.822092510539264,Noisy
1.419,4.5363561273826845,Noisy
1.42,4.323572252086055,Noisy
1.421,3.968519563898448,Noisy
1.422,4.692213117192853,Noisy
1.423,5.230041168694758,Noisy
1.424,3.3842260225497167,Noisy
1.425,4.988289933046547,Noisy
1.426,3.7088193687986934,Noisy
1.427,4.77053804355236,Noisy
1.428,2.8800245471783104,Noisy
1.429,4.302530183492532,Noisy
1.43,4.122342524828355,Noisy
1.431,5.285833049262691,Noisy
1.432,3.8978152507125614,Noisy
1.433,3.061556826168496,Noisy
1.434,4.03011903897906,Noisy
1.435,3.6504450577589114,Noisy
1.436,3.8009617531872744,Noisy
1.437,4.97104920086798,Noisy
1.438,3.7379270233435538,Noisy
1.439,2.7306334567445223,Noisy
1.44,3.0097685619217307,Noisy
1.441,3.5410775800353136,Noisy
1.442,3.846639891333481,Noisy
1.443,4.095247686307714,Noisy
1.444,2.9066484288017564,Noisy
1.445,3.4242402009312087,Noisy
1.446,2.78048237252893,Noisy
1.447,4.165589791588545,Noisy
1.448,3.3940301199526353,Noisy
1.449,3.0460216807036278,Noisy
1.45,2.202223095999707,Noisy
1.451,3.317969128234662,Noisy
1.452,1.4412273728714757,Noisy
1.453,3.770868172710457,Noisy
1.454,1.8990887772365834,Noisy
1.455,3.2643136362941063,Noisy
1.456,3.670147822176628,Noisy
1.457,3.00216281348784,Noisy
1.458,3.012656815434048,Noisy
1.459,2.611359980722754,Noisy
1.46,3.8191515584041125,Noisy
1.461,1.6050410273235656,Noisy
1.462,2.494558440247562,Noisy
1.463,3.5608277705151785,Noisy
1.464,2.539452240677957,Noisy
1.465,2.495131722841073,Noisy
1.466,2.1780798714403082,Noisy
1.467,2.281038040397571,Noisy
1.468,1.3793585792378011,Noisy
1.469,2.17212283977284,Noisy
1.47,3.6568958110956995,Noisy
1.471,2.0573911344784364,Noisy
1.472,1.8615718207661882,Noisy
1.473,1.1857478976310394,Noisy
1.474,2.441842735302054,Noisy
1.475,1.668907708340953,Noisy
1.476,1.6785884450418176,Noisy
1.477,1.8999275680867873,Noisy
1.478,1.8776697015212935,Noisy
1.479,2.0834700658110745,Noisy
1.48,0.9898850562571367,Noisy
1.481,1.1327679709715717,Noisy
1.482,1.8485926568558542,Noisy
1.483,-0.6222782823025983,Noisy
1.484,0.013216871406404151,Noisy
1.485,1.3478397855595943,Noisy
1.486,1.009226349852204,Noisy
1.487,1.3352152567674374,Noisy
1.488,-0.03312446855849116,Noisy
1.489,0.8495173575553918,Noisy
1.49,-0.8118615496906034,Noisy
1.491,0.1462120940838244,Noisy
1.492,0.49785402447962573,Noisy
1.493,0.1753134646001691,Noisy
1.494,0.8322182230792499,Noisy
1.495,1.5618208127816011,Noisy
1.496,0.6442716814662393,Noisy
1.497,1.483880597402951,Noisy
1.498,-0.24055581530158116,Noisy
1.499,-0.09222568370913471,Noisy
1.5,0.17048075372858576,Noisy
1.501,0.5369775570474207,Noisy
1.502,0.3312087775876552,Noisy
1.503,0.6216809638165595,Noisy
1.504,-0.48114618658531927,Noisy
1.505,0.18227714110129084,Noisy
1.506,-2.0028703026301837,Noisy
1.507,-0.3064054594394079,Noisy
1.508,-1.3048937314677334,Noisy
1.509,-2.2385433105766763,Noisy
1.51,-0.09182832581677625,Noisy
1.511,-1.1765077139082234,Noisy
1.512,-1.2256098226053267,Noisy
1.513,-0.3818149740729879,Noisy
1.514,0.03949455607977659,Noisy
1.515,-0.7052779047630434,Noisy
1.516,0.36750603085896727,Noisy
1.517,-1.8112985682662055,Noisy
1.518,0.373955742840381,Noisy
1.519,-1.73797308293517,Noisy
1.52,-1.479397603292278,Noisy
1.521,-1.0206951730608305,Noisy
1.522,-1.6504383427954008,Noisy
1.523,-1.3621547406203744,Noisy
1.524,-1.9328331039223856,Noisy
1.525,-1.9896353970662437,Noisy
1.526,-2.3001104491358872,Noisy
1.527,-1.1647345934751805,Noisy
1.528,-1.1405982849074294,Noisy
1.529,-0.9866646369155578,Noisy
1.53,-2.345099686631182,Noisy
1.531,-0.7665276707328268,Noisy
1.532,-2.3159378386543263,Noisy
1.533,-3.192263919216913,Noisy
1.534,-0.9377618537084476,Noisy
1.535,-2.3941048718259514,Noisy
1.536,-0.9174959960207507,Noisy
1.537,-2.2980951916034673,Noisy
1.538,-1.372319681483683,Noisy
1.539,-2.311084442967879,Noisy
1.54,-2.7734427854226174,Noisy
1.541,-2.926413748305635,Noisy
1.542,-2.333477703161184,Noisy
1.543,-0.024348669251392785,Noisy
1.544,-2.9857294500565623,Noisy
1.545,-2.8217658472342424,Noisy
1.546,-4.295089829308462,Noisy
1.547,-1.887766284834452,Noisy
1.548,-3.422095651778564,Noisy
1.549,-4.172441218565783,Noisy
1.55,-3.0565959808653025,Noisy
1.551,-3.6892137634767126,Noisy
1.552,-2.5528838600899553,Noisy
1.553,-3.2096314416843956,Noisy
1.554,-3.6936095301749052,Noisy
1.555,-2.4959947656323624,Noisy
1.556,-2.369344523742096,Noisy
1.557,-2.6684205209373553,Noisy
1.558,-2.4862063406206953,Noisy
1.559,-4.257232621362164,Noisy
1.56,-2.721209398239599,Noisy
1.561,-2.4775581760554317,Noisy
1.562,-3.603313648291564,Noisy
1.563,-5.008408870758857,Noisy
1.564,-3.450516474096263,Noisy
1.565,-3.611276149777585,Noisy
1.566,-4.609384646229828,Noisy
1.567,-2.598498066389622,Noisy
1.568,-4.802365147340114,Noisy
1.569,-5.118165094240508,Noisy
1.57,-3.1849853407886646,Noisy
1.571,-4.068277325147711,Noisy
1.572,-3.7875009046080277,Noisy
1.573,-3.9435782373616988,Noisy
1.574,-4.244835551316789,Noisy
1.575,-5.4440063952389215,Noisy
1.576,-5.429809454555277,Noisy
1.577,-4.647543743207605,Noisy
1.578,-3.254697542664732,Noisy
1.579,-5.2362692229083,Noisy
1.58,-6.176343513711439,Noisy
1.581,-5.429194457682932,Noisy
1.582,-4.795932664934005,Noisy
1.583,-4.19779204520095,Noisy
1.584,-5.234365014250151,Noisy
1.585,-5.592745006364273,Noisy
1.586,-4.095718550048998,Noisy
1.587,-5.131953964832414,Noisy
1.588,-3.036011265858544,Noisy
1.589,-5.813044145476109,Noisy
1.59,-5.1128786336798395,Noisy
1.591,-5.115793751116988,Noisy
1.592,-5.445374883857875,Noisy
1.593,-4.93124180932519,Noisy
1.594,-4.616910729591622,Noisy
1.595,-4.811364358225051,Noisy
1.596,-5.331023673870385,Noisy
1.597,-5.218297957957444,Noisy
1.598,-7.590082268467233,Noisy
1.599,-6.050910907034315,Noisy
1.6,-5.93120633009443,Noisy
1.601,-6.203293399571863,Noisy
1.602,-6.464445559943153,Noisy
1.603,-6.660704601778315,Noisy
1.604,-4.96238877092458,Noisy
1.605,-6.22467948400365,Noisy
1.606,-4.9870969219464465,Noisy
1.607,-6.562997817547594,Noisy
1.608,-6.282126616634821,Noisy
1.609,-5.923224394395774,Noisy
1.61,-7.047837266175813,Noisy
1.611,-6.975987020824088,Noisy
1.612,-5.048324238859109,Noisy
1.613,-6.815729708256153,Noisy
1.614,-6.558769440436378,Noisy
1.615,-7.7821336692985295,Noisy
1.616,-7.042129124339497,Noisy
1.617,-6.126825881836955,Noisy
1.618,-6.023320812013399,Noisy
1.619,-5.639994604368176,Noisy
1.62,-8.065511567147116,Noisy
1.621,-7.6710482961515964,Noisy
1.622,-6.6918173810807176,Noisy
1.623,-6.311197105757446,Noisy
1.624,-6.736486776261837,Noisy
1.625,-7.40772040549114,Noisy
1.626,-7.014429910022274,Noisy
1.627,-7.174531653914676,Noisy
1.628,-7.154110656958367,Noisy
1.629,-7.858214129565782,Noisy
1.63,-7.571628718680481,Noisy
1.631,-6.360969552134539,Noisy
1.632,-7.249007249239422,Noisy
1.633,-8.590035954966265,Noisy
1.634,-8.284797103392304,Noisy
1.635,-5.681559023461084,Noisy
1.636,-7.678031039492756,Noisy
1.637,-6.339293861051465,Noisy
1.638,-8.353025050207837,Noisy
1.639,-7.6500856423853,Noisy
1.64,-7.756755592479036,Noisy
1.641,-7.980907578829659,Noisy
1.642,-7.968607539689376,Noisy
1.643,-8.052662970018945,Noisy
1.644,-7.54675935055711,Noisy
1.645,-7.813614820770331,Noisy
1.646,-7.695236547831965,Noisy
1.647,-7.955637491958854,Noisy
1.648,-8.440931810187488,Noisy
1.649,-7.927050859886646,Noisy
1.65,-7.732563260742975,Noisy
1.651,-6.385011308537239,Noisy
1.652,-8.978898864076324,Noisy
1.653,-6.45854962977533,Noisy
1.654,-7.583275125557299,Noisy
1.655,-7.380459725467709,Noisy
1.656,-8.535225370581776,Noisy
1.657,-9.58238474563745,Noisy
1.658,-8.771706670178855,Noisy
1.659,-8.986590384748306,Noisy
1.66,-8.681823031298833,Noisy
1.661,-8.224617103871312,Noisy
1.662,-8.268374693239508,Noisy
1.663,-9.229881121498254,Noisy
1.664,-8.21966156292884,Noisy
1.665,-7.826813701151596,Noisy
1.666,-7.769814221809377,Noisy
1.667,-8.2959603347598,Noisy
1.668,-7.613397823688384,Noisy
1.669,-7.08172192581717,Noisy
1.67,-8.555047030677743,Noisy
1.671,-7.468079848501401,Noisy
1.672,-8.62574145810817,Noisy
1.673,-8.738228549858567,Noisy
1.674,-9.606410502275105,Noisy
1.675,-9.527649610219662,Noisy
1.676,-9.459731121463024,Noisy
1.677,-6.944632685018911,Noisy
1.678,-10.935370666906676,Noisy
1.679,-8.795578599557489,Noisy
1.68,-7.14236932335063,Noisy
1.681,-9.126821038404442,Noisy
1.682,-8.602462317471229,Noisy
1.683,-9.698414428461428,Noisy
1.684,-8.560606644089143,Noisy
1.685,-7.815813334297021,Noisy
1.686,-8.473874925597094,Noisy
1.687,-10.955317738964565,Noisy
1.688,-9.378245936660647,Noisy
1.689,-9.097373171858443,Noisy
1.69,-8.474038235876012,Noisy
1.691,-8.65193296566083,Noisy
1.692,-8.590273512544512,Noisy
1.693,-8.810134880616717,Noisy
1.694,-9.377528198947466,Noisy
1.695,-8.059561664987218,Noisy
1.696,-8.611522503615364,Noisy
1.697,-9.89270018896033,Noisy
1.698,-9.07748109127971,Noisy
1.699,-8.974681523654437,Noisy
1.7,-9.103945220496527,Noisy
1.701,-10.288489796617995,Noisy
1.702,-10.19123236737382,Noisy
1.703,-8.782654117345162,Noisy
1.704,-9.145197732529777,Noisy
1.705,-9.908740324571248,Noisy
1.706,-10.486825617414002,Noisy
1.707,-9.733009978295245,Noisy
1.708,-11.767427550403951,Noisy
1.709,-9.929179045011379,Noisy
1.71,-10.331997900299728,Noisy
1.711,-9.896010933478859,Noisy
1.712,-10.116023109828909,Noisy
1.713,-8.682391648420287,Noisy
1.714,-8.812862058162922,Noisy
1.715,-10.328730760149714,Noisy
1.716,-8.976230119896492,Noisy
1.717,-9.519450733306579,Noisy
1.718,-10.754122157757072,Noisy
1.719,-10.096960950222558,Noisy
1.72,-10.587586135825244,Noisy
1.721,-10.98911056619257,Noisy
1.722,-10.4112028457554,Noisy
1.723,-9.628902462919111,Noisy
1.724,-9.435174634957121,Noisy
1.725,-9.930758650328375,Noisy
1.726,-9.422847120248779,Noisy
1.727,-10.24093978749252,Noisy
1.728,-9.130902815085701,Noisy
1.729,-11.906681920034162,Noisy
1.73,-10.130058338777845,Noisy
1.731,-8.482698500165245,Noisy
1.732,-9.738528492355133,Noisy
1.733,-11.332373741964346,Noisy
1.734,-11.484330081042732,Noisy
1.735,-8.98737027284389,Noisy
1.736,-10.324747412688755,Noisy
1.737,-11.2388130468027,Noisy
1.738,-10.343433908197175,Noisy
1.739,-9.08320642404047,Noisy
1.74,-9.755654520065892,Noisy
1.741,-9.9061042469037,Noisy
1.742,-9.613122395887737,Noisy
1.743,-10.296322609443845,Noisy
1.744,-10.781875937104596,Noisy
1.745,-9.913668129400394,Noisy
1.746,-10.584238613104501,Noisy
1.747,-9.177750972914472,Noisy
1.748,-10.832376211789716,Noisy
1.749,-10.831414066442198,Noisy
1.75,-10.360955902886701,Noisy
1.751,-8.232682844433658,Noisy
1.752,-9.709254021665497,Noisy
1.753,-10.715601906957001,Noisy
1.754,-10.76931940698175,Noisy
1.755,-9.608368311667187,Noisy
1.756,-9.821162318011014,Noisy
1.757,-8.786756906551581,Noisy
1.758,-11.055843011914876,Noisy
1.759,-9.190473542083788,Noisy
1.76,-10.254004472717577,Noisy
1.761,-9.517395763716166,Noisy
1.762,-10.75761704179544,Noisy
1.763,-9.22679444423662,Noisy
1.764,-10.016162935773444,Noisy
1.765,-9.990332413426191,Noisy
1.766,-10.03236502755494,Noisy
1.767,-9.854090313005468,Noisy
1.768,-10.240358346117905,Noisy
1.769,-10.618884115915856,Noisy
1.77,-10.032855956215874,Noisy
1.771,-10.592012101590253,Noisy
1.772,-10.42851520726536,Noisy
1.773,-9.081029984204886,Noisy
1.774,-9.442719097346941,Noisy
1.775,-11.2410960027501,Noisy
1.776,-10.084714366693724,Noisy
1.777,-9.209091651689613,Noisy
1.778,-9.415517295626,Noisy
1.779,-9.165014962463209,Noisy
1.78,-9.216632599326676,Noisy
1.781,-9.271460071366267,Noisy
1.782,-9.040189676235522,Noisy
1.783,-8.892292317697812,Noisy
1.784,-10.074088847430783,Noisy
1.785,-9.745684300956997,Noisy
1.786,-8.761097156171461,Noisy
1.787,-10.554874174601398,Noisy
1.788,-8.187199173315058,Noisy
1.789,-9.933714405384546,Noisy
1.79,-9.96225104012264,Noisy
1.791,-11.02040037716968,Noisy
1.792,-8.591325283399645,Noisy
1.793,-10.982940983693906,Noisy
1.794,-9.521778372866178,Noisy
1.795,-8.121544741426076,Noisy
1.796,-8.542371395743316,Noisy
1.797,-10.099213885070148,Noisy
1.798,-9.820590389713182,Noisy
1.799,-9.345626655522034,Noisy
1.8,-8.698317673415955,Noisy
1.801,-9.24369543987757,Noisy
1.802,-9.982806826282083,Noisy
1.803,-11.051631401912804,Noisy
1.804,-9.949777569678222,Noisy
1.805,-9.954370084204344,Noisy
1.806,-10.159183830183675,Noisy
1.807,-10.725626016964858,Noisy
1.808,-9.444110122251823,Noisy
1.809,-10.319508250143118,Noisy
1.81,-10.382185036579587,Noisy
1.811,-8.944620008364918,Noisy
1.812,-10.270027610393493,Noisy
1.813,-8.840888548057203,Noisy
1.814,-9.840011823150217,Noisy
1.815,-9.341435233282573,Noisy
1.816,-9.104437378889509,Noisy
1.817,-8.272599905315344,Noisy
1.818,-9.18319637995384,Noisy
1.819,-8.430432592272595,Noisy
1.82,-7.367033020871007,Noisy
1.821,-9.077083286135828,Noisy
1.822,-9.392868526868064,Noisy
1.823,-9.329503019142201,Noisy
1.824,-9.197639879539379,Noisy
1.825,-9.063936017614912,Noisy
1.826,-9.355960235347833,Noisy
1.827,-7.478120140755949,Noisy
1.828,-8.984523500926082,Noisy
1.829,-10.136720132405888,Noisy
1.83,-8.922851088102474,Noisy
1.831,-9.16430674071464,Noisy
1.832,-8.214354936704595,Noisy
1.833,-7.75106431439998,Noisy
1.834,-8.010894516177466,Noisy
1.835,-7.946092232096384,Noisy
1.836,-6.554385216326828,Noisy
1.837,-8.631124164642001,Noisy
1.838,-8.528795988146543,Noisy
1.839,-6.845608800630323,Noisy
1.84,-7.754652367882001,Noisy
1.841,-8.07070493322148,Noisy
1.842,-8.69061170028621,Noisy
1.843,-9.59770767924677,Noisy
1.844,-8.458617559781187,Noisy
1.845,-8.880092083571531,Noisy
1.846,-8.722628085065065,Noisy
1.847,-9.681945720747146,Noisy
1.848,-8.616563425343719,Noisy
1.849,-8.283709343029592,Noisy
1.85,-6.9704421782356505,Noisy
1.851,-7.5591361524548155,Noisy
1.852,-8.278877530998695,Noisy
1.853,-6.685340540267088,Noisy
1.854,-7.997559978074143,Noisy
1.855,-8.613132966295181,Noisy
1.856,-7.234605246005038,Noisy
1.857,-6.796723286230474,Noisy
1.858,-8.51519989125387,Noisy
1.859,-7.090422410672802,Noisy
1.86,-7.785587349830995,Noisy
1.861,-6.928349942758612,Noisy
1.862,-8.156833794085479,Noisy
1.863,-7.347655114281386,Noisy
1.864,-8.287072688132945,Noisy
1.865,-6.284017551002576,Noisy
1.866,-8.207611326455034,Noisy
1.867,-7.953671418834542,Noisy
1.868,-7.148684269232757,Noisy
1.869,-6.584407535172898,Noisy
1.87,-7.246681581284044,Noisy
1.871,-8.77779789055411,Noisy
1.872,-7.277445403669813,Noisy
1.873,-6.730192348297367,Noisy
1.874,-7.141386141768917,Noisy
1.875,-7.221207696547059,Noisy
1.876,-7.423702726198261,Noisy
1.877,-7.143483337481681,Noisy
1.878,-6.426829941584,Noisy
1.879,-7.134183405757133,Noisy
1.88,-7.294497286440157,Noisy
1.881,-6.435677991744949,Noisy
1.882,-6.865474262878218,Noisy
1.883,-6.667908356253996,Noisy
1.884,-6.600749657136073,Noisy
1.885,-7.491668547725904,Noisy
1.886,-7.800678875450523,Noisy
1.887,-6.074091413534305,Noisy
1.888,-5.382535420805285,Noisy
1.889,-7.033359290889509,Noisy
1.89,-5.815763833176167,Noisy
1.891,-5.918000103667227,Noisy
1.892,-6.834818337283526,Noisy
1.893,-6.26584485435426,Noisy
1.894,-6.09980488071241,Noisy
1.895,-5.644290712040629,Noisy
1.896,-5.701389779686491,Noisy
1.897,-6.439511378098748,Noisy
1.898,-5.4756715782395435,Noisy
1.899,-5.959922486097454,Noisy
1.9,-5.446530583549128,Noisy
1.901,-6.268447632581602,Noisy
1.902,-5.453361282171199,Noisy
1.903,-5.727262904895555,Noisy
1.904,-7.267187256615836,Noisy
1.905,-5.846980988994722,Noisy
1.906,-6.591521332973392,Noisy
1.907,-4.85971748727391,Noisy
1.908,-6.429928304845353,Noisy
1.909,-5.351485571151144,Noisy
1.91,-3.2154676286226724,Noisy
1.911,-5.0753258112982325,Noisy
1.912,-4.69262826072955,Noisy
1.913,-5.778156560658337,Noisy
1.914,-5.802014240434192,Noisy
1.915,-5.25900495803624,Noisy
1.916,-4.806483531448549,Noisy
1.917,-5.534417843979455,Noisy
1.918,-4.284352842400845,Noisy
1.919,-5.7832286632344445,Noisy
1.92,-5.342879234057745,Noisy
1.921,-5.565517851265622,Noisy
1.922,-5.6853616451345,Noisy
1.923,-5.193439957741836,Noisy
1.924,-5.589626920675323,Noisy
1.925,-4.371086156201822,Noisy
1.926,-5.351006147612369,Noisy
1.927,-4.17423815115655,Noisy
1.928,-4.7387832959686085,Noisy
1.929,-4.407867369880929,Noisy
1.93,-5.170844405649647,Noisy
1.931,-4.161776705869526,Noisy
1.932,-4.216007683810322,Noisy
1.933,-3.1101441323008605,Noisy
1.934,-2.3010474303953616,Noisy
1.935,-5.865401104793051,Noisy
1.936,-3.5132878957103593,Noisy
1.937,-4.106988854724061,Noisy
1.938,-4.153573864802048,Noisy
1.939,-2.9514547637584476,Noisy
1.94,-3.279215340610876,Noisy
1.941,-4.2711839987485805,Noisy
1.942,-3.5268005911202156,Noisy
1.943,-3.1595909000365725,Noisy
1.944,-4.5691193174056846,Noisy
1.945,-2.9243900263248133,Noisy
1.946,-5.169492592514688,Noisy
1.947,-4.949101367598728,Noisy
1.948,-3.9390760996929672,Noisy
1.949,-3.5553379996045216,Noisy
1.95,-4.10227747392393,Noisy
1.951,-3.519932973514226,Noisy
1.952,-2.372478411449092,Noisy
1.953,-2.4925191177395685,Noisy
1.954,-3.225956897961075,Noisy
1.955,-3.4039696786070786,Noisy
1.956,-1.8688301011561608,Noisy
1.957,-3.084477227180209,Noisy
1.958,-4.512544896936802,Noisy
1.959,-1.5644530691429153,Noisy
1.96,-3.89450483852559,Noisy
1.961,-1.311710249331285,Noisy
1.962,-2.712549992888821,Noisy
1.963,-2.158113009969347,Noisy
1.964,-2.4600289230747374,Noisy
1.965,-2.276771180720721,Noisy
1.966,-1.161605983505793,Noisy
1.967,-1.2554978988066297,Noisy
1.968,-2.8342431104839174,Noisy
1.969,-2.051399534800419,Noisy
1.97,-1.344841818841466,Noisy
1.971,-3.030773670258484,Noisy
1.972,-1.03936168266579,Noisy
1.973,-1.1629590643666852,Noisy
1.974,-0.6787194430949283,Noisy
1.975,-0.8542948399802536,Noisy
1.976,-1.960591917039506,Noisy
1.977,-0.25505843282069995,Noisy
1.978,-2.144411647376968,Noisy
1.979,-1.4873928045293565,Noisy
1.98,-0.9312770005723829,Noisy
1.981,-0.6999290028418095,Noisy
1.982,-0.597615601712724,Noisy
1.983,-0.9464419088474041,Noisy
1.984,-0.8274807472195245,Noisy
1.985,-1.6098276825696272,Noisy
1.986,-2.244568680022952,Noisy
1.987,-0.963455685600067,Noisy
1.988,-1.3264705573428017,Noisy
1.989,-1.7677732274530245,Noisy
1.99,-0.35535553626112454,Noisy
1.991,-0.6953590818153649,Noisy
1.992,-0.7285552247072902,Noisy
1.993,-1.4902046291653779,Noisy
1.994,-1.1428797004005924,Noisy
1.995,0.9546658446456993,Noisy
1.996,-0.606672094004636,Noisy
1.997,0.3765395102077902,Noisy
1.998,-0.36193127997931823,Noisy
1.999,1.1250026385523195,Noisy
2.0,0.10661728679907632,Noisy
2.001,-0.5100724353840348,Noisy
2.002,-1.4066512642818543,Noisy
2.003,0.6055038424354291,Noisy
2.004,1.3198481814039806,Noisy
2.005,-0.18931299269636404,Noisy
2.006,1.9379526793279558,Noisy
2.007,0.14337860114060913,Noisy
2.008,1.6321198928632907,Noisy
2.009,1.8577848406376305,Noisy
2.01,1.2306366634993342,Noisy
2.011,0.718855477843572,Noisy
2.012,0.8987979946860597,Noisy
2.013,0.5523728287028098,Noisy
2.014,1.2329329120062111,Noisy
2.015,0.1715180060743866,Noisy
2.016,1.231142014854158,Noisy
2.017,1.1793369054710423,Noisy
2.018,0.8348716477028033,Noisy
2.019,1.0327931988678403,Noisy
2.02,1.5394041002839802,Noisy
2.021,1.2048954242909193,Noisy
2.022,2.535529629641922,Noisy
2.023,1.8362661226021784,Noisy
2.024,3.035819646860827,Noisy
2.025,0.8300924511195122,Noisy
2.026,2.278107707259844,Noisy
2.027,3.0170904486109142,Noisy
2.028,1.1727383954545012,Noisy
2.029,2.2495475901352355,Noisy
2.03,0.6081640205137309,Noisy
2.031,2.7500519534859134,Noisy
2.032,2.495419365725193,Noisy
2.033,3.6240752420323945,Noisy
2.034,1.0062232723271678,Noisy
2.035,1.7909374973238152,Noisy
2.036,1.583423569490611,Noisy
2.037,2.0832627977191196,Noisy
2.038,2.2732758068423746,Noisy
2.039,2.9834027778791303,Noisy
2.04,2.2577119840076945,Noisy
2.041,3.612393045886832,Noisy
2.042,2.813740078200375,Noisy
2.043,0.740749925696184,Noisy
2.044,2.5996660351185787,Noisy
2.045,2.0873602242035885,Noisy
2.046,4.444863607657442,Noisy
2.047,2.1473567694444844,Noisy
2.048,4.31256915518945,Noisy
2.049,3.1936063308693274,Noisy
2.05,2.2582698322783017,Noisy
2.051,2.5510651380785694,Noisy
2.052,3.4536366980139834,Noisy
2.053,2.706523649315991,Noisy
2.054,2.8307006130595695,Noisy
2.055,3.9506257123549195,Noisy
2.056,2.8514800370248428,Noisy
2.057,3.2287814070257244,Noisy
2.058,3.92376492370514,Noisy
2.059,2.7531974381904942,Noisy
2.06,4.479094782933963,Noisy
2.061,3.049196272810976,Noisy
2.062,4.680597851733096,Noisy
2.063,3.2183794155840193,Noisy
2.064,3.819000697319388,Noisy
2.065,2.6699950870669666,Noisy
2.066,4.182111269315797,Noisy
2.067,4.617321563962585,Noisy
2.068,4.753057886006987,Noisy
2.069,5.234653388346409,Noisy
2.07,3.7108922576953076,Noisy
2.071,4.379604172379494,Noisy
2.072,4.393306661488981,Noisy
2.073,4.483025804196747,Noisy
2.074,3.1228499345954988,Noisy
2.075,4.9022707179192455,Noisy
2.076,5.044699447905531,Noisy
2.077,4.0307170412638165,Noisy
2.078,3.2749209081679407,Noisy
2.079,4.540111569180027,Noisy
2.08,5.039893683281305,Noisy
2.081,4.025308288949505,Noisy
2.082,4.574433046953377,Noisy
2.083,5.119183272946749,Noisy
2.084,4.078640383786124,Noisy
2.085,4.696221521063272,Noisy
2.086,5.502407737040308,Noisy
2.087,5.135139224160952,Noisy
2.088,4.188424578292652,Noisy
2.089,5.989713321449709,Noisy
2.09,4.950259405594467,Noisy
2.091,6.085449553949797,Noisy
2.092,4.949808724440995,Noisy
2.093,5.992140113421112,Noisy
2.094,7.0255584802437685,Noisy
2.095,4.863339961236016,Noisy
2.096,5.16308729950477,Noisy
2.097,5.420966438181383,Noisy
2.098,5.296742688278272,Noisy
2.099,4.637376696787413,Noisy
2.1,6.032643631936643,Noisy
2.101,5.888058278807573,Noisy
2.102,6.637750562309389,Noisy
2.103,5.857958180488954,Noisy
2.104,6.149690127261215,Noisy
2.105,6.165377300948534,Noisy
2.106,5.579473207264687,Noisy
2.107,4.964997578222829,Noisy
2.108,5.93080951687915,Noisy
2.109,6.243711148100431,Noisy
2.11,7.0593165458080325,Noisy
2.111,6.531823154079696,Noisy
2.112,6.357289593679691,Noisy
2.113,5.931970714252185,Noisy
2.114,7.113379896297718,Noisy
2.115,7.881528247534067,Noisy
2.116,6.436936590349875,Noisy
2.117,6.38204801976669,Noisy
2.118,5.948934994593446,Noisy
2.119,7.536542338471449,Noisy
2.12,5.218179434875346,Noisy
2.121,7.069763609274364,Noisy
2.122,6.09318930636615,Noisy
2.123,6.494465513453635,Noisy
2.124,6.115118207070761,Noisy
2.125,6.663159085958369,Noisy
2.126,6.547454211285549,Noisy
2.127,7.015195195152255,Noisy
2.128,7.935716806524777,Noisy
2.129,6.299740310868414,Noisy
2.13,7.580395727501727,Noisy
2.131,8.68861611502682,Noisy
2.132,7.133707784283378,Noisy
2.133,6.620967647937682,Noisy
2.134,7.778928715419082,Noisy
2.135,6.8261352974220175,Noisy
2.136,8.67079559548557,Noisy
2.137,7.0097822180354115,Noisy
2.138,7.47409796279052,Noisy
2.139,7.557155018201557,Noisy
2.14,7.379474679256621,Noisy
2.141,7.3575934502767755,Noisy
2.142,6.99127407776462,Noisy
2.143,6.665296862515492,Noisy
2.144,7.5876195167780836,Noisy
2.145,8.966323478878783,Noisy
2.146,7.495442622434357,Noisy
2.147,8.688125676696233,Noisy
2.148,6.941265721745317,Noisy
2.149,7.71126932133892,Noisy
2.15,8.926892873753049,Noisy
2.151,8.547480071264191,Noisy
2.152,8.464137957992477,Noisy
2.153,7.244133576661756,Noisy
2.154,7.926706629074827,Noisy
2.155,7.986574508573539,Noisy
2.156,9.683436252482826,Noisy
2.157,8.605861952114056,Noisy
2.158,10.867558668795635,Noisy
2.159,7.982691889909361,Noisy
2.16,8.210755617062869,Noisy
2.161,9.120984162939738,Noisy
2.162,9.339884074373769,Noisy
2.163,8.599888677311775,Noisy
2.164,8.826484442648457,Noisy
2.165,8.834633123524737,Noisy
2.166,9.801902367923102,Noisy
2.167,9.554813398053248,Noisy
2.168,8.443254694111625,Noisy
2.169,9.05713822162409,Noisy
2.17,9.409114497595809,Noisy
2.171,7.647067340640458,Noisy
2.172,8.917721064437337,Noisy
2.173,9.573222946833905,Noisy
2.174,8.466248532349379,Noisy
2.175,8.836942769698375,Noisy
2.176,9.624649266321704,Noisy
2.177,9.150498348195077,Noisy
2.178,8.490851757595804,Noisy
2.179,9.359016407494796,Noisy
2.18,9.03922042072953,Noisy
2.181,8.89557362444117,Noisy
2.182,9.359499890984797,Noisy
2.183,9.326575206993159,Noisy
2.184,9.786320308966937,Noisy
2.185,9.888941514102244,Noisy
2.186,8.362294714215196,Noisy
2.187,10.104113292056086,Noisy
2.188,7.010006019068344,Noisy
2.189,10.011371591905863,Noisy
2.19,9.090843623382604,Noisy
2.191,9.930061101541,Noisy
2.192,9.935415331870942,Noisy
2.193,9.223122731711491,Noisy
2.194,8.921909736213873,Noisy
2.195,9.811164684662119,Noisy
2.196,9.311177181157342,Noisy
2.197,8.56802906232243,Noisy
2.198,8.616287215375156,Noisy
2.199,9.17831850641964,Noisy
2.2,9.056985405257944,Noisy
2.201,9.837760838232,Noisy
2.202,10.19747961383344,Noisy
2.203,10.792119201427704,Noisy
2.204,10.094499963039468,Noisy
2.205,9.769245841546882,Noisy
2.206,10.637504415264575,Noisy
2.207,9.829289427275862,Noisy
2.208,8.220129908119661,Noisy
2.209,9.178184812086457,Noisy
2.21,9.244132585900926,Noisy
2.211,10.286174926862039,Noisy
2.212,9.19196450024977,Noisy
2.213,9.295215080196002,Noisy
2.214,9.688831748780222,Noisy
2.215,11.21308924996843,Noisy
2.216,11.332866879648355,Noisy
2.217,8.839345562843402,Noisy
2.218,9.82073858715957,Noisy
2.219,10.708088389815765,Noisy
2.22,9.968125340274906,Noisy
2.221,8.840567594192422,Noisy
2.222,9.228284601324479,Noisy
2.223,10.086211979044093,Noisy
2.224,10.666039107261186,Noisy
2.225,10.778168766018766,Noisy
2.226,9.742296135290097,Noisy
2.227,9.337677426396654,Noisy
2.228,10.291618253316525,Noisy
2.229,10.728195411772777,Noisy
2.23,10.235625861783525,Noisy
2.231,9.80370670948535,Noisy
2.232,11.40330007538404,Noisy
2.233,11.786578522440475,Noisy
2.234,10.328128198541885,Noisy
2.235,10.381509416363407,Noisy
2.236,9.588120178548747,Noisy
2.237,10.855941851143603,Noisy
2.238,9.467539300806317,Noisy
2.239,9.315505641882712,Noisy
2.24,10.014348808030574,Noisy
2.241,9.528442717164381,Noisy
2.242,11.233807285244545,Noisy
2.243,9.525827862557698,Noisy
2.244,9.27212403579398,Noisy
2.245,9.255983873172527,Noisy
2.246,9.905131067105675,Noisy
2.247,10.810271679263078,Noisy
2.248,10.295973744034486,Noisy
2.249,10.264178875734391,Noisy
2.25,10.15164331748556,Noisy
2.251,9.776539155045999,Noisy
2.252,9.923074345263979,Noisy
2.253,10.475554535093929,Noisy
2.254,10.900744247378547,Noisy
2.255,9.316595527594066,Noisy
2.256,9.610465713141704,Noisy
2.257,9.764277325482128,Noisy
2.258,9.631828591944952,Noisy
2.259,10.200243966194272,Noisy
2.26,11.546076568079137,Noisy
2.261,10.563274982496138,Noisy
2.262,9.728946670854707,Noisy
2.263,8.249410583399852,Noisy
2.264,10.375789991734276,Noisy
2.265,9.717808719865605,Noisy
2.266,10.917153343103902,Noisy
2.267,8.92448108744667,Noisy
2.268,10.260214164128438,Noisy
2.269,9.160305870151955,Noisy
2.27,10.263239977580099,Noisy
2.271,9.590825196770739,Noisy
2.272,9.196308573910787,Noisy
2.273,9.326196509471774,Noisy
2.274,10.36253043919758,Noisy
2.275,9.188745348522843,Noisy
2.276,10.113413332947545,Noisy
2.277,10.050534685114439,Noisy
2.278,9.226917540443079,Noisy
2.279,9.718379410914439,Noisy
2.28,9.30253089703153,Noisy
2.281,9.210725200841308,Noisy
2.282,7.908705824608025,Noisy
2.283,8.98646677386512,Noisy
2.284,8.002118010802864,Noisy
2.285,10.030255738960362,Noisy
2.286,8.08896813559203,Noisy
2.287,10.84943665474881,Noisy
2.288,9.238142416865788,Noisy
2.289,8.736738522393356,Noisy
2.29,10.019586470023553,Noisy
2.291,9.208661449772302,Noisy
2.292,8.791546942233907,Noisy
2.293,9.221333742855084,Noisy
2.294,9.63500543422179,Noisy
2.295,9.11963583496242,Noisy
2.296,9.19823637585327,Noisy
2.297,9.773170073658202,Noisy
2.298,9.727616159173168,Noisy
2.299,9.06982118916704,Noisy
2.3,9.239321084766292,Noisy
2.301,9.81719085505122,Noisy
2.302,8.979811179107747,Noisy
2.303,7.898603613068462,Noisy
2.304,8.911186585306472,Noisy
2.305,9.64482022573831,Noisy
2.306,8.56123864691124,Noisy
2.307,9.970355226113854,Noisy
2.308,8.341968181029007,Noisy
2.309,9.625534868350805,Noisy
2.31,8.929554523372037,Noisy
2.311,9.04418217498062,Noisy
2.312,8.265666200997067,Noisy
2.313,8.486778639163285,Noisy
2.314,9.336489554188317,Noisy
2.315,9.673553223021408,Noisy
2.316,9.724639441101216,Noisy
2.317,9.378532443287845,Noisy
2.318,9.877761985622218,Noisy
2.319,7.537039397017213,Noisy
2.32,7.731217579090971,Noisy
2.321,9.407298851757647,Noisy
2.322,7.078688594596827,Noisy
2.323,10.601602113629779,Noisy
2.324,8.460237795946043,Noisy
2.325,7.5146127101998434,Noisy
2.326,8.954405075726902,Noisy
2.327,9.794123932812457,Noisy
2.328,8.75441401339966,Noisy
2.329,8.207267829485213,Noisy
2.33,9.036911170847295,Noisy
2.331,9.972617253863298,Noisy
2.332,9.11379313568342,Noisy
2.333,9.10179281752908,Noisy
2.334,9.395967587247556,Noisy
2.335,8.440637703979972,Noisy
2.336,8.259044475738445,Noisy
2.337,8.802523826159323,Noisy
2.338,9.400464579641902,Noisy
2.339,8.426302058651357,Noisy
2.34,9.80951686557026,Noisy
2.341,6.827010124579491,Noisy
2.342,8.96271190460952,Noisy
2.343,7.641145459725848,Noisy
2.344,8.532944218535793,Noisy
2.345,9.513772274294519,Noisy
2.346,7.131905007265531,Noisy
2.347,8.479362349155974,Noisy
2.348,7.042600198595111,Noisy
2.349,8.186705634707291,Noisy
2.35,7.705492704724746,Noisy
2.351,8.962756815336471,Noisy
2.352,7.334368898674413,Noisy
2.353,6.70909722855943,Noisy
2.354,8.35469249688824,Noisy
2.355,8.210556729694403,Noisy
2.356,8.365231562225645,Noisy
2.357,7.410276453031709,Noisy
2.358,7.952283802428642,Noisy
2.359,6.040930523600514,Noisy
2.36,7.438443038240474,Noisy
2.361,6.985453128196976,Noisy
2.362,5.811344425857307,Noisy
2.363,6.861404695256315,Noisy
2.364,7.983623488901815,Noisy
2.365,7.870510105975579,Noisy
2.366,9.013078166181273,Noisy
2.367,8.67466958397205,Noisy
2.368,8.614865957911663,Noisy
2.369,7.518421833750874,Noisy
2.37,6.338142955301341,Noisy
2.371,7.29077002191774,Noisy
2.372,8.117042614751833,Noisy
2.373,6.485705398678609,Noisy
2.374,4.689389040002138,Noisy
2.375,7.346724626599807,Noisy
2.376,8.197328161271052,Noisy
2.377,6.838021874604332,Noisy
2.378,7.645168090449484,Noisy
2.379,6.009384309255816,Noisy
2.38,7.226591443878815,Noisy
2.381,5.837720794288622,Noisy
2.382,6.94826761175823,Noisy
2.383,6.37814241641462,Noisy
2.384,6.662542670474228,Noisy
2.385,6.38034845134889,Noisy
2.386,6.686052121839881,Noisy
2.387,6.08400494163401,Noisy
2.388,7.029627444762639,Noisy
2.389,5.279783291010335,Noisy
2.39,6.682830525692475,Noisy
2.391,4.764492123596448,Noisy
2.392,6.861201401447756,Noisy
2.393,6.8057228768275,Noisy
2.394,6.605781398458136,Noisy
2.395,6.415092705861808,Noisy
2.396,5.076303298286238,Noisy
2.397,4.064818362267628,Noisy
2.398,6.223778592213788,Noisy
2.399,6.01804565485548,Noisy
2.4,5.329881560052669,Noisy
2.401,5.70303834815146,Noisy
2.402,5.16763088006835,Noisy
2.403,4.8492380663440375,Noisy
2.404,6.250662897038677,Noisy
2.405,4.8378056530698155,Noisy
2.406,4.286825192503988,Noisy
2.407,5.814572153642684,Noisy
2.408,5.062040468260407,Noisy
2.409,6.22283478553895,Noisy
2.41,5.031822030848303,Noisy
2.411,5.4679457100613105,Noisy
2.412,5.463283329696438,Noisy
2.413,4.597145175401314,Noisy
2.414,6.096518429203663,Noisy
2.415,5.625440975243224,Noisy
2.416,6.131232007954605,Noisy
2.417,5.180287921494967,Noisy
2.418,3.6732097963335244,Noisy
2.419,5.353898489744399,Noisy
2.42,4.963363781727615,Noisy
2.421,3.8060082616959834,Noisy
2.422,4.926525369552719,Noisy
2.423,4.427441453090679,Noisy
2.424,5.592285409706597,Noisy
2.425,2.9685402275841586,Noisy
2.426,3.535657860221375,Noisy
2.427,5.116482246995135,Noisy
2.428,4.127490798223499,Noisy
2.429,4.3869333196549,Noisy
2.43,4.289789250808073,Noisy
2.431,3.8343485035151934,Noisy
2.432,4.0357502295003105,Noisy
2.433,3.515569305572266,Noisy
2.434,3.0572042772397747,Noisy
2.435,4.351856563175826,Noisy
2.436,4.833637644693444,Noisy
2.437,4.006142398891273,Noisy
2.438,4.60429820423674,Noisy
2.439,3.0163459874697436,Noisy
2.44,3.8287198973933636,Noisy
2.441,2.7639474631155467,Noisy
2.442,4.052913072850197,Noisy
2.443,2.6929567126041185,Noisy
2.444,2.858456461508041,Noisy
2.445,2.859317949053909,Noisy
2.446,3.0047824550519486,Noisy
2.447,2.300789560710949,Noisy
2.448,3.7632928083947768,Noisy
2.449,4.374637205339054,Noisy
2.45,2.9476888129972196,Noisy
2.451,3.12043004540776,Noisy
2.452,3.5750576326366663,Noisy
2.453,2.715238965572774,Noisy
2.454,2.82118942016423,Noisy
2.455,1.5705055654779825,Noisy
2.456,1.575490301085278,Noisy
2.457,3.730536670714458,Noisy
2.458,2.9921928603381303,Noisy
2.459,2.870279808841714,Noisy
2.46,2.677924939697257,Noisy
2.461,2.226275866938802,Noisy
2.462,2.7170679905338533,Noisy
2.463,3.1361049811500465,Noisy
2.464,1.9834764097655202,Noisy
2.465,0.421601885590434,Noisy
2.466,3.4001434572609384,Noisy
2.467,2.640030955084627,Noisy
2.468,2.2916177436975285,Noisy
2.469,2.2781875992638705,Noisy
2.47,1.4825054668778748,Noisy
2.471,1.3518097041090007,Noisy
2.472,2.857448624651778,Noisy
2.473,1.5637457303261344,Noisy
2.474,1.2491055631919004,Noisy
2.475,1.0103405586278584,Noisy
2.476,1.54195683800893,Noisy
2.477,-0.15042228962411386,Noisy
2.478,1.6561768395438894,Noisy
2.479,2.968775760615202,Noisy
2.48,0.9062587307781138,Noisy
2.481,1.0977667012208938,Noisy
2.482,-0.5298564023098908,Noisy
2.483,1.288734841898605,Noisy
2.484,1.9099423992659346,Noisy
2.485,0.4662060446171107,Noisy
2.486,2.378472748486873,Noisy
2.487,-0.090163741604246,Noisy
2.488,1.7040595643252725,Noisy
2.489,0.7121598998123312,Noisy
2.49,-1.6876234230853715,Noisy
2.491,0.3824071384235267,Noisy
2.492,1.0102786188881514,Noisy
2.493,1.7533752365063668,Noisy
2.494,1.1706467225033776,Noisy
2.495,-1.3222506918152839,Noisy
2.496,0.33650126113798146,Noisy
2.497,0.6894232044044467,Noisy
2.498,0.5504560780701591,Noisy
2.499,-0.27690653347760164,Noisy
2.5,0.38579437310664866,Noisy
2.501,0.13613432257866998,Noisy
2.502,0.9223861008031353,Noisy
2.503,-0.12015983037460809,Noisy
2.504,-0.8594889773973955,Noisy
2.505,0.523223902717473,Noisy
2.506,-0.9566460230588698,Noisy
2.507,0.33718975653276795,Noisy
2.508,-0.23533936336186406,Noisy
2.509,0.17413080412624815,Noisy
2.51,-0.7087918178847206,Noisy
2.511,-1.1419175509297872,Noisy
2.512,-0.27268925712149933,Noisy
2.513,-0.8110413019576664,Noisy
2.514,-1.4861784622298875,Noisy
2.515,-2.5848144677830063,Noisy
2.516,0.0673912636016547,Noisy
2.517,-0.506522289679714,Noisy
2.518,-1.638670335975708,Noisy
2.519,-1.7269786331389354,Noisy
2.52,-2.660166634255678,Noisy
2.521,-0.4098518173752257,Noisy
2.522,-1.189443314149431,Noisy
2.523,-2.882765514312621,Noisy
2.524,-1.7098291061182858,Noisy
2.525,-2.0691639298346995,Noisy
2.526,-1.3941133865308113,Noisy
2.527,-0.6636227563079429,Noisy
2.528,-3.7100686136619627,Noisy
2.529,-2.250583093822467,Noisy
2.53,-2.1199040091912877,Noisy
2.531,-1.4980373280931512,Noisy
2.532,-2.019588361311153,Noisy
2.533,-2.8227959928757484,Noisy
2.534,-2.5029692506508368,Noisy
2.535,-2.1134604914621926,Noisy
2.536,-1.3813390758245143,Noisy
2.537,-3.9629573876216013,Noisy
2.538,-2.9924510462258755,Noisy
2.539,-2.8462328063860975,Noisy
2.54,-2.8211996330188542,Noisy
2.541,-0.9964427207191884,Noisy
2.542,-2.732310519909603,Noisy
2.543,-2.666834995110152,Noisy
2.544,-3.0400290523823266,Noisy
2.545,-2.7829057682274665,Noisy
2.546,-3.569389686093353,Noisy
2.547,-4.185334710970452,Noisy
2.548,-3.3462014516532963,Noisy
2.549,-3.1826515311483026,Noisy
2.55,-2.7876657485994567,Noisy
2.551,-3.2408459678760924,Noisy
2.552,-2.034399976325135,Noisy
2.553,-4.223076569917857,Noisy
2.554,-2.00934093739514,Noisy
2.555,-4.459656548075884,Noisy
2.556,-3.6229407632017523,Noisy
2.557,-2.7007509805330505,Noisy
2.558,-2.5049040735125425,Noisy
2.559,-4.352356628148967,Noisy
2.56,-2.7879741739015462,Noisy
2.561,-3.5970062723685334,Noisy
2.562,-4.911679230927843,Noisy
2.563,-1.249649348542596,Noisy
2.564,-3.4556731800086684,Noisy
2.565,-2.1530309139927635,Noisy
2.566,-4.281726349780234,Noisy
2.567,-4.097303169954925,Noisy
2.568,-4.48503835448873,Noisy
2.569,-2.795550047262301,Noisy
2.57,-4.60427773332251,Noisy
2.571,-4.987038288597885,Noisy
2.572,-3.6964793903680553,Noisy
2.573,-4.46171264937116,Noisy
2.574,-3.4488219773838784,Noisy
2.575,-4.895632298959645,Noisy
2.576,-5.657410771392808,Noisy
2.577,-4.914297037424037,Noisy
2.578,-5.3653337447282965,Noisy
2.579,-6.17662413139188,Noisy
2.58,-3.915828467946096,Noisy
2.581,-5.636285903547597,Noisy
2.582,-4.78340933951084,Noisy
2.583,-5.743511639383423,Noisy
2.584,-5.351313293937072,Noisy
2.585,-5.738119832401234,Noisy
2.586,-4.8908518053489916,Noisy
2.587,-5.893019514552665,Noisy
2.588,-5.65591565762627,Noisy
2.589,-5.738646239814873,Noisy
2.59,-4.859699281156165,Noisy
2.591,-7.55627598926945,Noisy
2.592,-4.911168714153988,Noisy
2.593,-5.110018712858036,Noisy
2.594,-4.24611446615739,Noisy
2.595,-5.135683919571541,Noisy
2.596,-7.0925243739257,Noisy
2.597,-6.344135831661968,Noisy
2.598,-4.683052998499807,Noisy
2.599,-6.1020412534997615,Noisy
2.6,-5.665509917904136,Noisy
2.601,-6.473349523860174,Noisy
2.602,-7.131481560820204,Noisy
2.603,-7.227647080709406,Noisy
2.604,-5.787603844688027,Noisy
2.605,-5.649266180290773,Noisy
2.606,-5.4323807588453565,Noisy
2.607,-6.3887782329943335,Noisy
2.608,-5.943009061487173,Noisy
2.609,-6.7397797232519085,Noisy
2.61,-6.844806757039799,Noisy
2.611,-6.051822400835352,Noisy
2.612,-6.017233076109625,Noisy
2.613,-6.390469056003334,Noisy
2.614,-5.993521017829545,Noisy
2.615,-5.159475071028949,Noisy
2.616,-7.383208196704738,Noisy
2.617,-7.444258674121645,Noisy
2.618,-5.999311786150813,Noisy
2.619,-7.133575309199929,Noisy
2.62,-6.083099363352634,Noisy
2.621,-5.993319536501745,Noisy
2.622,-7.542124787450817,Noisy
2.623,-6.819388165076551,Noisy
2.624,-7.712598322814467,Noisy
2.625,-6.905894046230565,Noisy
2.626,-7.555619026219236,Noisy
2.627,-7.106777525109651,Noisy
2.628,-7.164032619257415,Noisy
2.629,-6.57157191921174,Noisy
2.63,-7.003174218833769,Noisy
2.631,-7.701473712643129,Noisy
2.632,-7.649071043359753,Noisy
2.633,-6.843102194022715,Noisy
2.634,-7.76416381051607,Noisy
2.635,-6.791700859083798,Noisy
2.636,-9.323212169790734,Noisy
2.637,-7.310866459901506,Noisy
2.638,-7.947125513008764,Noisy
2.639,-6.530499270627265,Noisy
2.64,-7.428642414913295,Noisy
2.641,-8.383728699499816,Noisy
2.642,-7.819690440104868,Noisy
2.643,-7.3870813700754905,Noisy
2.644,-7.183757517813984,Noisy
2.645,-7.850766917891372,Noisy
2.646,-9.573090858367932,Noisy
2.647,-6.966896691576832,Noisy
2.648,-7.006625049851759,Noisy
2.649,-9.40033021321812,Noisy
2.65,-7.504937250644575,Noisy
2.651,-9.1074512506674,Noisy
2.652,-9.524442189903654,Noisy
2.653,-8.59869762198949,Noisy
2.654,-8.515501704922192,Noisy
2.655,-9.035087981217576,Noisy
2.656,-8.195268900134403,Noisy
2.657,-8.691671835514619,Noisy
2.658,-7.933994691460434,Noisy
2.659,-8.726160848205613,Noisy
2.66,-8.88399808318235,Noisy
2.661,-9.36572258967999,Noisy
2.662,-9.789965596367574,Noisy
2.663,-8.924245180003968,Noisy
2.664,-8.191718916737095,Noisy
2.665,-7.810413739571798,Noisy
2.666,-9.157350659373321,Noisy
2.667,-9.429066982453131,Noisy
2.668,-8.671022223790485,Noisy
2.669,-9.282529972759416,Noisy
2.67,-8.717630081926728,Noisy
2.671,-8.872298249385933,Noisy
2.672,-8.446593402332825,Noisy
2.673,-8.705462802271544,Noisy
2.674,-9.330685451487021,Noisy
2.675,-8.281593243066277,Noisy
2.676,-9.647451716864571,Noisy
2.677,-7.702599552532671,Noisy
2.678,-8.336519576716515,Noisy
2.679,-9.804296947827204,Noisy
2.68,-10.73887983693585,Noisy
2.681,-8.648651544566496,Noisy
2.682,-9.45128394182463,Noisy
2.683,-8.854725080496749,Noisy
2.684,-8.54329878595724,Noisy
2.685,-9.537215990640295,Noisy
2.686,-8.18035466622878,Noisy
2.687,-8.855587700509432,Noisy
2.688,-9.29516740290434,Noisy
2.689,-7.567005620037611,Noisy
2.69,-10.37472476832998,Noisy
2.691,-10.647921507852836,Noisy
2.692,-9.66211780466518,Noisy
2.693,-9.193932265700923,Noisy
2.694,-10.519174846567537,Noisy
2.695,-9.276627095813673,Noisy
2.696,-9.97229668157726,Noisy
2.697,-10.980362913912668,Noisy
2.698,-9.09669915551096,Noisy
2.699,-11.398241831050383,Noisy
2.7,-10.110708429839637,Noisy
2.701,-9.962520846821414,Noisy
2.702,-9.895566192879635,Noisy
2.703,-9.718541484817464,Noisy
2.704,-9.950436950393026,Noisy
2.705,-9.634811364353766,Noisy
2.706,-8.8586665794114,Noisy
2.707,-9.597648518390363,Noisy
2.708,-9.321189874054175,Noisy
2.709,-9.723401606406977,Noisy
2.71,-9.618463001594666,Noisy
2.711,-9.912825874980902,Noisy
2.712,-11.201002827507928,Noisy
2.713,-9.580746781358174,Noisy
2.714,-10.580243127110771,Noisy
2.715,-9.993717217084988,Noisy
2.716,-10.738238255944127,Noisy
2.717,-9.717030533654253,Noisy
2.718,-9.913533733300298,Noisy
2.719,-11.719615580445657,Noisy
2.72,-10.314755765543799,Noisy
2.721,-11.419822288410131,Noisy
2.722,-9.964924719075427,Noisy
2.723,-9.945929348394978,Noisy
2.724,-9.508471471422219,Noisy
2.725,-8.242994381156786,Noisy
2.726,-9.643478563363782,Noisy
2.727,-10.107558823580504,Noisy
2.728,-9.824076794824336,Noisy
2.729,-10.643319953647953,Noisy
2.73,-8.627631461383178,Noisy
2.731,-9.978066933877296,Noisy
2.732,-8.70093135376747,Noisy
2.733,-10.063733072666944,Noisy
2.734,-9.610764117227083,Noisy
2.735,-11.507505036379365,Noisy
2.736,-11.15370924908084,Noisy
2.737,-11.947447765334108,Noisy
2.738,-9.892568403695334,Noisy
2.739,-9.757239554474776,Noisy
2.74,-10.138922050486311,Noisy
2.741,-10.4790958894529,Noisy
2.742,-9.643619877731588,Noisy
2.743,-10.15784993705721,Noisy
2.744,-8.459599774973723,Noisy
2.745,-9.489077003984661,Noisy
2.746,-9.194500680978688,Noisy
2.747,-9.519173437038809,Noisy
2.748,-9.976161151588574,Noisy
2.749,-10.092634725163174,Noisy
2.75,-9.219094124521769,Noisy
2.751,-9.108260548174828,Noisy
2.752,-11.30149334048292,Noisy
2.753,-9.939394662244336,Noisy
2.754,-9.969690866497507,Noisy
2.755,-9.507000636033618,Noisy
2.756,-10.913934824839252,Noisy
2.757,-10.379483286666055,Noisy
2.758,-9.005193627050218,Noisy
2.759,-10.979184092948596,Noisy
2.76,-11.757013032850406,Noisy
2.761,-10.961958301982548,Noisy
2.762,-11.08962927938354,Noisy
2.763,-10.025929927599831,Noisy
2.764,-9.865428112504814,Noisy
2.765,-8.203577238566007,Noisy
2.766,-9.055307185379727,Noisy
2.767,-10.053765820582235,Noisy
2.768,-9.934554412970408,Noisy
2.769,-10.829443909399577,Noisy
2.77,-10.595100109413124,Noisy
2.771,-11.106665615644342,Noisy
2.772,-9.63756147849707,Noisy
2.773,-7.991384834741736,Noisy
2.774,-9.931825521942745,Noisy
2.775,-8.724259975560752,Noisy
2.776,-8.787850129624468,Noisy
2.777,-11.270762603443602,Noisy
2.778,-10.79973547036607,Noisy
2.779,-10.103662567246623,Noisy
2.78,-10.376652171395873,Noisy
2.781,-9.756412447424747,Noisy
2.782,-9.112185566489806,Noisy
2.783,-10.173367474905653,Noisy
2.784,-9.852891689226285,Noisy
2.785,-10.355949776948652,Noisy
2.786,-9.602319719640448,Noisy
2.787,-9.296884232592223,Noisy
2.788,-9.305000502605754,Noisy
2.789,-8.536583927140006,Noisy
2.79,-10.056013370252206,Noisy
2.791,-9.11236969747088,Noisy
2.792,-9.783710126281651,Noisy
2.793,-10.552226976960517,Noisy
2.794,-8.234711313979764,Noisy
2.795,-8.943302472858628,Noisy
2.796,-8.443278230278686,Noisy
2.797,-11.20838358403071,Noisy
2.798,-9.514922771924244,Noisy
2.799,-9.927280914884445,Noisy
2.8,-8.269430662731112,Noisy
2.801,-10.271503632897442,Noisy
2.802,-8.877247161983226,Noisy
2.803,-8.225280254877326,Noisy
2.804,-8.760510778379832,Noisy
2.805,-9.660181205668282,Noisy
2.806,-8.720035720072929,Noisy
2.807,-8.891994224152892,Noisy
2.808,-9.281775124364778,Noisy
2.809,-7.967804554522315,Noisy
2.81,-9.810602562887189,Noisy
2.811,-9.123330300737107,Noisy
2.812,-8.989247703746184,Noisy
2.813,-10.272089390714001,Noisy
2.814,-10.30556367279442,Noisy
2.815,-8.172761457107562,Noisy
2.816,-7.259893227161019,Noisy
2.817,-9.531465691487691,Noisy
2.818,-9.552694422628432,Noisy
2.819,-8.334867435256687,Noisy
2.82,-9.084843853718592,Noisy
2.821,-8.678802815481454,Noisy
2.822,-9.20387329659656,Noisy
2.823,-10.203660290464613,Noisy
2.824,-8.32720153508301,Noisy
2.825,-9.291934572149572,Noisy
2.826,-8.292794644787666,Noisy
2.827,-9.037074988711229,Noisy
2.828,-9.560148265956974,Noisy
2.829,-8.465195270453307,Noisy
2.83,-8.397534527840698,Noisy
2.831,-7.294652002144934,Noisy
2.832,-8.283328536867836,Noisy
2.833,-8.265032439301333,Noisy
2.834,-9.007930576222588,Noisy
2.835,-9.868116977981881,Noisy
2.836,-8.439167171307357,Noisy
2.837,-8.989466344259343,Noisy
2.838,-9.111483250097596,Noisy
2.839,-9.484004574211003,Noisy
2.84,-8.231264264172465,Noisy
2.841,-9.009702696936975,Noisy
2.842,-7.5193907532973006,Noisy
2.843,-7.021128591233136,Noisy
2.844,-8.89312058762189,Noisy
2.845,-8.21265343626206,Noisy
2.846,-7.841735095571958,Noisy
2.847,-8.250194616919792,Noisy
2.848,-7.093227040641516,Noisy
2.849,-8.442398431263706,Noisy
2.85,-9.262173956702725,Noisy
2.851,-8.1643830828273,Noisy
2.852,-9.000380718397965,Noisy
2.853,-6.796162225334347,Noisy
2.854,-6.726234624430036,Noisy
2.855,-9.985280344756449,Noisy
2.856,-8.612225377561261,Noisy
2.857,-6.75901133855212,Noisy
2.858,-8.576435885299063,Noisy
2.859,-7.952905898668707,Noisy
2.86,-7.539687710886325,Noisy
2.861,-8.17288800677223,Noisy
2.862,-7.684831065824468,Noisy
2.863,-5.766960651189861,Noisy
2.864,-7.365872195327812,Noisy
2.865,-7.043453075595663,Noisy
2.866,-7.961827505153715,Noisy
2.867,-6.824535222457373,Noisy
2.868,-7.230274241740993,Noisy
2.869,-7.892176781958407,Noisy
2.87,-7.136859656998906,Noisy
2.871,-7.173920163944028,Noisy
2.872,-7.11890847476038,Noisy
2.873,-6.28071935882648,Noisy
2.874,-8.325746522013018,Noisy
2.875,-7.636353322117206,Noisy
2.876,-6.897568797226902,Noisy
2.877,-7.300371969957573,Noisy
2.878,-7.478457224768535,Noisy
2.879,-8.387138349739784,Noisy
2.88,-7.591735722763421,Noisy
2.881,-6.216989036598137,Noisy
2.882,-6.510424706304979,Noisy
2.883,-7.128760052627831,Noisy
2.884,-6.508626483559302,Noisy
2.885,-7.883424049804987,Noisy
2.886,-7.2568136627460476,Noisy
2.887,-5.793579882783516,Noisy
2.888,-6.822839065599008,Noisy
2.889,-6.373405227723273,Noisy
2.89,-7.249428797573057,Noisy
2.891,-6.6602850551958594,Noisy
2.892,-6.01793741771516,Noisy
2.893,-5.577221496569796,Noisy
2.894,-5.951304107739686,Noisy
2.895,-5.508376959166192,Noisy
2.896,-5.644365475152568,Noisy
2.897,-6.996117118705205,Noisy
2.898,-4.951599529275597,Noisy
2.899,-5.706145234345638,Noisy
2.9,-5.249108562766473,Noisy
2.901,-5.220887739915185,Noisy
2.902,-7.385863715227732,Noisy
2.903,-6.140527104888307,Noisy
2.904,-5.141811986296329,Noisy
2.905,-5.718112726927447,Noisy
2.906,-6.565986900801598,Noisy
2.907,-5.623266145329444,Noisy
2.908,-5.635195935866857,Noisy
2.909,-5.106750530111298,Noisy
2.91,-5.502891110227745,Noisy
2.911,-5.336138500691792,Noisy
2.912,-6.679177930234119,Noisy
2.913,-5.923452515695776,Noisy
2.914,-6.279769268458628,Noisy
2.915,-4.057425633017127,Noisy
2.916,-4.718996352581185,Noisy
2.917,-5.10577644654303,Noisy
2.918,-5.2086799100271595,Noisy
2.919,-4.769531782060769,Noisy
2.92,-4.67766848211436,Noisy
2.921,-5.212187291514239,Noisy
2.922,-5.836679292983155,Noisy
2.923,-4.826624797637063,Noisy
2.924,-3.9314042448690287,Noisy
2.925,-3.211857560959227,Noisy
2.926,-5.079458020379812,Noisy
2.927,-4.389398365522895,Noisy
2.928,-4.4900147256339675,Noisy
2.929,-5.045947218317073,Noisy
2.93,-3.945472897504355,Noisy
2.931,-4.742701853576471,Noisy
2.932,-4.372141494489958,Noisy
2.933,-5.041189817842223,Noisy
2.934,-4.117255886181566,Noisy
2.935,-6.165821428336578,Noisy
2.936,-3.601603366796863,Noisy
2.937,-3.2908254252541393,Noisy
2.938,-3.597337214983081,Noisy
2.939,-3.2988522790961223,Noisy
2.94,-3.5003421766781035,Noisy
2.941,-3.2821256605063356,Noisy
2.942,-2.666879971007469,Noisy
2.943,-3.0739021310156076,Noisy
2.944,-2.5876001163539395,Noisy
2.945,-4.078251793784153,Noisy
2.946,-4.046397755960243,Noisy
2.947,-2.3914380334639582,Noisy
2.948,-2.9813561711512997,Noisy
2.949,-3.745212132304611,Noisy
2.95,-2.5510699414989704,Noisy
2.951,-2.668946131286902,Noisy
2.952,-2.8635860026795883,Noisy
2.953,-4.888194271357715,Noisy
2.954,-3.566292767238095,Noisy
2.955,-2.0115368231516935,Noisy
2.956,-3.672102468291207,Noisy
2.957,-3.569497540908977,Noisy
2.958,-2.5260534773879595,Noisy
2.959,-3.720178647633041,Noisy
2.96,-0.13107297138973717,Noisy
2.961,-2.390872573388835,Noisy
2.962,-3.0202254501103862,Noisy
2.963,-0.12099848006178204,Noisy
2.964,-1.8729627733452223,Noisy
2.965,-1.5507635889841964,Noisy
2.966,-0.893091327700382,Noisy
2.967,-2.737748641279741,Noisy
2.968,-2.1733964644427974,Noisy
2.969,-1.9432937520848301,Noisy
2.97,-1.0327520025282018,Noisy
2.971,-1.9098267540149882,Noisy
2.972,-1.7337408077628886,Noisy
2.973,-1.355575530171657,Noisy
2.974,-2.334276632131992,Noisy
2.975,-1.0566407676526017,Noisy
2.976,-1.7788199053425964,Noisy
2.977,-1.366432278873312,Noisy
2.978,-0.22358276814392508,Noisy
2.979,-0.3030271347844826,Noisy
2.98,-1.4353310204564917,Noisy
2.981,-0.7298535928527043,Noisy
2.982,-2.120275784380528,Noisy
2.983,-2.0090741666197225,Noisy
2.984,-0.46648566115445234,Noisy
2.985,-1.1219340711586063,Noisy
2.986,-1.1710626694385127,Noisy
2.987,-1.9167126546467719,Noisy
2.988,-0.9771997440366169,Noisy
2.989,0.2711776238004734,Noisy
2.99,1.2617150571891251,Noisy
2.991,0.4874580840012075,Noisy
2.992,-0.5629412654490745,Noisy
2.993,-1.8115069370528132,Noisy
2.994,-0.28922874766321244,Noisy
2.995,0.5079204769123303,Noisy
2.996,-0.22336205118567407,Noisy
2.997,0.3663717347504254,Noisy
2.998,0.04970936134584522,Noisy
2.999,-0.38312376226048567,Noisy
